calendar_date,original_optimal_resource_tax,flat_optimal_resource_tax,tax_difference_percentage_points,original_marginal_environment_cost,flat_marginal_environment_cost,original_mu_times_h,flat_mu_times_h,original_extraction_deviation_percent,flat_extraction_deviation_percent
10,0.137613569995543,0.121695912736256,-1.59176572592866,3.48209970389667e-06,3.40326387718934e-06,2.5226680684668e-05,2.7998737088941e-05,-8.12574135589225,-6.55809320808786
11,0.134425873432851,0.118831245021217,-1.55946284116336,3.54340786588519e-06,3.4615169199497e-06,2.62777923798624e-05,2.91653511343136e-05,-7.57033968132878,-6.24859257229495
12,0.131169232690057,0.115958700959208,-1.52105317308493,3.60189293881975e-06,3.51847582177587e-06,2.737270039569e-05,3.03805740982433e-05,-7.05360727497897,-5.94150044897109
13,0.12786253162854,0.113078184870152,-1.4784346758388,3.65767291555389e-06,3.57391866270366e-06,2.85132295788438e-05,3.16464313523368e-05,-6.56942858089081,-5.63703077549377
14,0.124522476733383,0.110191822558729,-1.43306541746543,3.71085745669175e-06,3.62767980977449e-06,2.97012808112957e-05,3.29650326586841e-05,-6.11276350320383,-5.33541710258036
15,0.121163844468727,0.107303270818616,-1.38605736501113,3.76154921586105e-06,3.67964044720642e-06,3.0938834178433e-05,3.43385756861293e-05,-5.67948301297186,-5.03687258812141
16,0.117799691708886,0.104417178351745,-1.3382513357141,3.80984487678495e-06,3.72972035748691e-06,3.2227952269201e-05,3.57693496730514e-05,-5.2662229965808,-4.74157578326581
17,0.114441538278602,0.101538765233519,-1.29027730450837,3.85583596842365e-06,3.77787081231449e-06,3.3570783613751e-05,3.72597392427619e-05,-4.87025684547167,-4.44967218348805
18,0.11109952485065,0.0986735052023835,-1.24260196482664,3.89960950905255e-06,3.82406846986346e-06,3.4969566264324e-05,3.88122283778769e-05,-4.48938561337048,-4.16128396681292
19,0.107782553158329,0.0958268873611738,-1.19556657971556,3.94124851831274e-06,3.86831018923253e-06,3.64266315253375e-05,4.04294045602885e-05,-4.12184464152711,-3.87652143969125
20,0.104498407922995,0.093004241897349,-1.1494166025646,3.98083242724326e-06,3.91060867504559e-06,3.79444078388933e-05,4.21139630836338e-05,-3.76622438984779,-3.59549263894998
21,0.101253868571848,0.0902106203667889,-1.10432482050586,4.01843740932581e-06,3.95098886306634e-06,3.95254248321805e-05,4.38687115454519e-05,-3.4214044484572,-3.31830993116281
22,0.0980548049839507,0.0874507157804311,-1.06040892035195,4.05413665029777e-06,3.98948495619872e-06,4.11723175335213e-05,4.56965745265124e-05,-3.08649792903143,-3.04509308635177
23,0.0949062682204689,0.0847288141078537,-1.01774541126151,4.08800057033188e-06,4.02613802143863e-06,4.28878307640847e-05,4.7600598465117e-05,-2.76080595229854,-2.77596950874891
24,0.0918125701352987,0.0820487683936419,-0.976380174165677,4.12009700911609e-06,4.06099406264305e-06,4.46748237125883e-05,4.95839567344969e-05,-2.44377977711696,-2.51107236672398
25,0.0887773536632339,0.0794139931418469,-0.936336052138698,4.15049138191763e-06,4.09410249078701e-06,4.65362747006127e-05,5.16499549317677e-05,-2.13498940699127,-2.25053786073185
26,0.0858036603674962,0.0768274691800995,-0.897619118739673,4.17924681284029e-06,4.12551492180797e-06,4.84752861464716e-05,5.3802036387258e-05,-1.83409840564411,-1.99450180569316
27,0.0828939897587008,0.0742917580598813,-0.860223169881957,4.20642425011616e-06,4.15528424118539e-06,5.04950897359079e-05,5.60437879033938e-05,-1.54084310324101,-1.74309630648786
28,0.0800503525568079,0.0718090228723182,-0.824132968448961,4.23208256714789e-06,4.1834638834221e-06,5.25990518082374e-05,5.83789457327018e-05,-1.25501561356629,-1.49644680902189
29,0.0772743210095768,0.0693810516997936,-0.789326930978314,4.25627865216805e-06,4.21010728305388e-06,5.4790678966914e-05,6.08114018048977e-05,-0.976450369064108,-1.25466951894092
30,0.07456707338428,0.0670092848558956,-0.755778852838437,4.27906748876023e-06,4.23526746141201e-06,5.70736239238687e-05,6.33452102134352e-05,-0.705013121794063,-1.01786954057395
31,0.0719294359503578,0.0646948412961351,-0.723459465422266,4.30050222897052e-06,4.25899672001834e-06,5.94516915873633e-05,6.59845939723283e-05,-0.440592366440717,-0.786139366690419
32,0.0693619188711741,0.0624385456487513,-0.692337322242276,4.32063426037233e-06,4.28134641713004e-06,6.19288454035034e-05,6.87339520545086e-05,-0.18309220482623,-0.559557918113562
33,0.0668647523916874,0.0602409556674859,-0.662379672420146,4.3395132681228e-06,4.30236680868278e-06,6.45092139619827e-05,7.15978667234465e-05,0.0675727699577244,-0.338190116296944
34,0.0644379157583666,0.0581023868810101,-0.633552887735657,4.35718729286368e-06,4.32210693878058e-06,6.71970978770654e-05,7.45811111702567e-05,0.311482018795073,-0.122086616908523
35,0.0620811677453583,0.0560229376867444,-0.605823005861387,4.37370278509392e-06,4.34061456802977e-06,6.99969769552764e-05,7.76886574690174e-05,0.548711959805703,0.0887159840060825
36,0.0597940711704276,0.0540025110683853,-0.579156010204228,4.38910465655499e-06,4.35793613057692e-06,7.29135176617462e-05,8.09256848635598e-05,0.779338600959023,0.294194929167535
37,0.0575760165821682,0.0520408377466789,-0.553517883548935,4.40343632902468e-06,4.37411671272958e-06,7.59515808976523e-05,8.42975883995415e-05,1.00343930561142,0.494340585217534
38,0.055426244606044,0.0501374936019723,-0.528875100407166,4.41673978085046e-06,4.38920004767404e-06,7.91162301017212e-05,8.7809987916189e-05,1.22109391946796,0.689156060264651
39,0.0533438643124527,0.0482919187544365,-0.505194555801623,4.42905559149632e-06,4.40322852204187e-06,8.24127396892929e-05,9.1468737412697e-05,1.4323857979921,0.878656386106202
40,0.051327871582661,0.0465034336104039,-0.482443797225713,4.44042298430686e-06,4.41624319109634e-06,8.58466038430135e-05,9.52799348048927e-05,1.63740223168993,1.06286781458946
41,0.0493771648227855,0.0447712544336282,-0.460591038915731,4.45087986767074e-06,4.4282838000721e-06,8.94235456698056e-05,9.92499320884299e-05,1.83623477108008,1.24182697840642
42,0.0474905596721181,0.0430945058458835,-0.439605382623453,4.46046287472481e-06,4.43938880980947e-06,9.31495267393809e-05,0.000103385345925448,2.02897927411039,1.41558023295165
43,0.0456668023784982,0.0414722346807781,-0.41945676977201,4.46920740172029e-06,4.44959542527505e-06,9.70307570201885e-05,0.000107693068672341,2.21573579160455,1.58418271059626
44,0.0439045806790382,0.0399034202923797,-0.400116038665856,4.47714764515344e-06,4.45893962593429e-06,0.000101073705229363,0.000112180279867022,2.39660853170707,1.74769765459566
45,0.0422025353831882,0.0383869859567577,-0.38155494264305,4.48431663773642e-06,4.46745619719683e-06,0.00010528510961392,0.000116854458194815,2.57170544482894,1.90619553192499
46,0.0405592696101529,0.0369218089835709,-0.363746062658205,4.49074628328825e-06,4.475178762376e-06,0.000109671989181166,0.000121723393952932,2.74113795007822,2.05975320584941
47,0.0389733572153504,0.0355067293050146,-0.346662791033581,4.49646739060441e-06,4.48213981475751e-06,0.000114241655397048,0.000126795202034305,2.90502059503182,2.20845320889826
48,0.0374433501344008,0.0341405581711421,-0.330279196325867,4.50150970635672e-06,4.48837074948541e-06,0.000119001724371925,0.0001320783354524,3.06347072118982,2.35238294319695
49,0.0359677852885921,0.032822085808065,-0.314569948052709,4.50590194706764e-06,4.49390189506642e-06,0.000123960129554089,0.000137581599429584,3.2166080561596,2.49163394671938
50,0.034545190366259,0.0315500876294837,-0.29951027367753,4.50967183020034e-06,4.49876254435677e-06,0.000129125134952176,0.000143314166072483,3.36455436345637,2.62630128144872
51,0.0331740886450449,0.0303233301826668,-0.285075846237813,4.51284610439869e-06,4.50298098493893e-06,0.000134505348908517,0.000149285589658837,3.50743314248252,2.75648291634596
52,0.0318530036277903,0.029140575451889,-0.271242817590132,4.51545057890601e-06,4.50658452883255e-06,0.000140109738446372,0.000155505822561288,3.6453692689717,2.88227926927533
53,0.0305804612384234,0.0280005851796271,-0.257987605879631,4.51751015219122e-06,4.50959954150364e-06,0.00014594764421497,0.000161985231834675,3.77848895830224,3.00379272339122
54,0.0293549955214027,0.0269021237373713,-0.245287178403138,4.51904883979616e-06,4.51205147015663e-06,0.000152028796057261,0.000168734616494453,3.90691909237146,3.12112729149157
55,0.0281751486513517,0.0258439598587736,-0.233118879257807,4.52008980144316e-06,4.5139648713021e-06,0.000158363329226313,0.000175765225515056,4.03078742289549,3.23438839780947
56,0.0270394744559039,0.0248248698561757,-0.221460459972828,4.52065536740476e-06,4.51536343759806e-06,0.00016496180127741,0.000183088776578183,4.15022215636542,3.343682477062
57,0.0259465396820815,0.0238436386012583,-0.210290108082323,4.52076706416253e-06,4.51627002397793e-06,0.000171835209663969,0.000190717475602274,4.26535187347807,3.44911682383073
58,0.0248949251335086,0.0228990623152941,-0.199586281821451,4.5204456393681e-06,4.51670667307241e-06,0.000178995010066634,0.000198664037085702,4.37630544307919,3.55079922567432
59,0.0238832279436639,0.0219899511896444,-0.189327675401954,4.51971108611988e-06,4.51669463994457e-06,0.000186453135486077,0.000206941705297606,4.48321172673551,3.6488376101623
60,0.0229100555659542,0.0211151323197135,-0.179492324624067,4.51858266657613e-06,4.51625441615765e-06,0.00019422201613133,0.000215564276351673,4.58620065132491,3.74333965083569
61,0.0219740405868718,0.0202734534711168,-0.170058711575507,4.51707893487735e-06,4.51540575319725e-06,0.000202314600136802,0.000224546121199659,4.68540081229942,3.8344122718087
62,0.0210738392711392,0.0194637873547271,-0.161005191641208,4.5152177594703e-06,4.51416768527237e-06,0.000210744375142502,0.000233902209582979,4.78093976066909,3.92216108861692
63,0.020208128621543,0.0186850359677601,-0.152309265378283,4.51301634482966e-06,4.512558551521e-06,0.00021952539077344,0.00024364813498227,4.87294453528346,4.00668983726724
64,0.0193756121267761,0.0179361362192936,-0.143947590748256,4.51049125256766e-06,4.51059601764461e-06,0.000228672282055667,0.000253800140606531,4.96154074185449,4.08809964798222
65,0.0185750291937041,0.0172160631379528,-0.135896605575127,4.50765842196867e-06,4.50829709699968e-06,0.000238200293807986,0.000264375146465136,5.04685099673672,4.16648859923647
66,0.0178051515559508,0.016523835379625,-0.12813161763259,4.50453319000099e-06,4.50567817116359e-06,0.000248125306049985,0.00027539077756785,5.12899553807866,4.24195099707319
67,0.0170647762101126,0.0158585177480717,-0.120625846204096,4.50113031079154e-06,4.50275501000028e-06,0.000258463860468735,0.000286865393299843,5.20809342654904,4.31457700267726
68,0.0163527699915749,0.0152192233797657,-0.11335466118092,4.49746397453562e-06,4.49954279123924e-06,0.000269233187988265,0.000298818118020671,5.28425500465672,4.38445229696909
69,0.0156680203631397,0.0146051153045646,-0.106290505857506,4.49354782605592e-06,4.49605611958095e-06,0.000280451237487777,0.000311268872938199,5.35759013793593,4.45165781638244
70,0.0150094217144302,0.0140154051050706,-0.0994016609359631,4.4893949827863e-06,4.49230904534009e-06,0.000292136705716434,0.000324238409310623,5.42821051945408,4.51626983072475
71,0.0143759243269061,0.0134493508572513,-0.0926573469654801,4.48501805213651e-06,4.48831508262942e-06,0.000304309068454619,0.0003377483430319,5.49622137828474,4.57836010609474
72,0.0137665170488712,0.0129062534008342,-0.0860263648037089,4.48042914846206e-06,4.48408722708722e-06,0.000316988612973561,0.000351821190658229,5.56172438536362,4.63799626665364
73,0.0131801991478152,0.012385451060366,-0.0794748087449197,4.47563990956779e-06,4.4796379731475e-06,0.00033019647184746,0.000366480406935655,5.62482243049764,4.69524234229994
74,0.01261606169994,0.01188631332626,-0.0729748373679978,4.47066151263943e-06,4.47497933085044e-06,0.000343954658174437,0.000381750423891307,5.68560575194266,4.75015944286179
75,0.0120732180425511,0.0114082328204199,-0.0664985222131188,4.46550468993617e-06,4.47012284218971e-06,0.000358286102265039,0.000397656691553446,5.74416369354487,4.80280664059975
76,0.0115508189978434,0.0109506177611342,-0.0600201236709223,4.46017974397191e-06,4.46507959699092e-06,0.000373214689859415,0.000414225720368173,5.80058204036547,4.85324179789024
77,0.0110480549524455,0.0105128836725312,-0.0535171279914277,4.45469656225823e-06,4.45986024831954e-06,0.000388765301936891,0.000431485125383513,5.85494259375228,4.90152249020295
78,0.0105641546335488,0.0100944446853084,-0.0469709948240393,4.44906463162711e-06,4.45447502741625e-06,0.000404963856184261,0.000449463672274492,5.90732330514832,4.94770698389504
79,0.0100983849570391,0.0096947060389795,-0.0403678918059643,4.44329305213928e-06,4.44893375815846e-06,0.00042183735019194,0.000468191325285929,5.95779822154441,4.99185507655888
80,0.00965004971515227,0.00931305735975968,-0.0336992355392592,4.43739055058847e-06,4.44324587105123e-06,0.000439413906449937,0.000487699297172843,6.00643762455877,5.03402885064375
81,0.00921848839797496,0.00894886621752084,-0.0269622180454118,4.4313654936079e-06,4.43742041675317e-06,0.000457722819218684,0.000508020101221712,6.05330814264557,5.0742933999212
82,0.00880307495184871,0.00860147435450858,-0.0201600597340134,4.42522590038661e-06,4.43146607914415e-06,0.000476794603352795,0.000529187605439283,6.09847287090743,5.11271724146147
83,0.00840321633300184,0.00827019383800122,-0.0133022495000627,4.4189794550033e-06,4.42539118794748e-06,0.000496661045159162,0.000551237088999253,6.1419915236282,5.14937274216916
84,0.00801835091679823,0.00795430636343086,-0.0064044553367365,4.41263351838486e-06,4.41920373091864e-06,0.000517355255374128,0.000574205301040889,6.18392061019382,5.1843361718086
85,0.00764794665738755,0.00765306297583182,0.00051163184442678,4.4061951398971e-06,4.41291136561851e-06,0.000538911724348049,0.000598130521917592,6.2243136539025,5.21768770960351
86,0.00729150044103836,0.00736568566914664,0.00741852281082884,4.39967106857413e-06,4.4065214307889e-06,0.000561366379529219,0.000623052626997493,6.26322120546283,5.24951122810886
87,0.00694853544862018,0.00709137173137807,0.0142836282757894,4.39306776399683e-06,4.4000409573507e-06,0.000584756645342937,0.000649013153122388,6.30069120069383,5.27989374814695
88,0.006618600109841,0.00682929676467404,0.0210696654833049,4.38639140682517e-06,4.39347667904953e-06,0.000609121505565558,0.000676055367835821,6.33676904629819,5.30892505356919
89,0.00630126631912671,0.00657862188183508,0.0277355562708365,4.37964790899353e-06,4.38683504276977e-06,0.000634501568297457,0.000704224341495647,6.37149783646798,5.3366968014279
90,0.00599612843492215,0.006338499943083,0.0342371508160857,4.37284292357628e-06,4.38012221854541e-06,0.000660939133643183,0.000733567022391297,6.40491843804964,5.36330174405701
91,0.00570280090398036,0.00610808432259417,0.0405283418613819,4.36598185433268e-06,4.37334410929409e-06,0.00068847826421165,0.000764132314990935,6.43706981864733,5.38883263980197
92,0.00542091787994899,0.00588653546969155,0.0465617589742553,4.35906986493661e-06,4.36650636030582e-06,0.000717164858553801,0.000795971161448891,6.46798903595056,5.41338142084236
93,0.00515013169169174,0.00566214672420753,0.0512015032515785,4.35211188790121e-06,4.35961436851545e-06,0.000747046727660211,0.000829136626509263,6.497711432687,5.43835461796365
94,0.00489011172192365,0.00543642503519287,0.0546313313269226,4.34511263320565e-06,4.35267327332794e-06,0.000778173674646052,0.000863683985947149,6.52627076786989,5.46356550276466
95,0.0046405436813867,0.00521894218741452,0.0578398506027825,4.33807659663153e-06,4.34568796949688e-06,0.000810597577756302,0.000899670818694946,6.55369928764564,5.48785326842132
96,0.00440112914448359,0.00500784191342362,0.0606712768940031,4.3310080678171e-06,4.33866313180967e-06,0.000844372476829483,0.000937157102807235,6.5800277589692,5.51143895197532
97,0.00417158451602317,0.00480281557091946,0.0631231054896288,4.32391113803742e-06,4.33160322081765e-06,0.000879554663364045,0.000976205315424202,6.60528561077411,5.53435652415384
98,0.00395164152117713,0.00460363237351997,0.0651990852342831,4.31678970771688e-06,4.32451249078767e-06,0.000916202774337548,0.00101688053690021,6.62950081941329,5.55663067899475
99,0.00374104691913659,0.00441122626763548,0.0670179348498894,4.30964749368283e-06,4.31739499749983e-06,0.000954377889934945,0.00105925055927105,6.65269993711493,5.57814497700988
100,0.00353956315381289,0.0042257179342453,0.068615478043241,4.30248803616678e-06,4.31025460742756e-06,0.000994143635348902,0.00110338599924068,6.67490796485843,5.5988811587653
101,0.00334823413429123,0.00404297848428772,0.0694744349996492,4.29531470556058e-06,4.3030950054809e-06,0.00103556628682177,0.00114936041587571,6.69592698767023,5.61933627125373
102,0.00316685804997404,0.00386197602542482,0.0695117975450783,4.28813071127021e-06,4.29591969686559e-06,0.00107871488210601,0.00119725043320387,6.71577407404012,5.63963285031661
103,0.00299395745626454,0.0036846401965729,0.0690682740308353,4.28093910801705e-06,4.28873201301086e-06,0.0011236613355271,0.00124713586792069,6.73468668656307,5.6595349418042
104,0.0028292109792113,0.00351110598062667,0.0681895001415374,4.27374279977416e-06,4.28153512095039e-06,0.00117048055784072,0.00129909986241739,6.75270069854441,5.67902469301578
105,0.00267230561983257,0.00334138703722314,0.066908141739057,4.26654454559153e-06,4.27433203004069e-06,0.00121925058108409,0.00135322902335145,6.76985103543171,5.69809928113412
106,0.00252293679392543,0.00317551069234345,0.0652573898418021,4.25934696522354e-06,4.26712559826203e-06,0.00127005268862926,0.00140961356599109,6.78617168700366,5.7167545029589
107,0.00238080877533359,0.00301351776857038,0.0632708993236788,4.25215254456433e-06,4.25991853828566e-06,0.00132297155065548,0.00146834746457405,6.80169564680955,5.73498477512442
108,0.00224563454869167,0.00285545827350467,0.0609823724813006,4.24496364089743e-06,4.25271342331639e-06,0.00137809536526612,0.0015295286089313,6.81645495273835,5.75278364313188
109,0.00211713574501418,0.00270139069179836,0.0584254946784172,4.23778248796493e-06,4.24551269271383e-06,0.00143551600548554,0.00159325896763678,6.83048071221197,5.7701438587008
110,0.00199504316888137,0.00255137923795856,0.0556336069077194,4.23061120086128e-06,4.23831865739932e-06,0.00149532917238078,0.00165964475795498,6.84380302380729,5.78705771155039
111,0.00187909602479442,0.00240549401024558,0.0526397985451159,4.22345178075792e-06,4.231133505052e-06,0.00155763455456331,0.00172879662286977,6.85645112652644,5.80351701549402
112,0.00176904259844068,0.00226465071758903,0.0495608119148346,4.21630611946227e-06,4.22395930509955e-06,0.00162253599433678,0.00180082981548934,6.86845329663055,5.81941082368831
113,0.00166463993079744,0.00213128815449646,0.0466648223699019,4.20917600381717e-06,4.21679801432825e-06,0.00169014166076748,0.00187586439113472,6.87983692285874,5.83444246565892
114,0.0015657225606514,0.00200386387780275,0.043814131715135,4.20206311994463e-06,4.20965148370379e-06,0.00176056422996613,0.00195402540743201,6.89061645739792,5.84879942901324
115,0.00147224225588104,0.00188188196873834,0.0409639712857296,4.19496905742617e-06,4.20252146126158e-06,0.00183392107288138,0.00203544313274167,6.90078624581476,5.86254154065982
116,0.00138372613847256,0.00176520631007576,0.0381480171603197,4.18789531346876e-06,4.19540959590691e-06,0.0019103344509181,0.00212025326327258,6.9104151877686,5.87568469154467
117,0.00129995684483541,0.00165369911478003,0.0353742269944622,4.18084329640296e-06,4.18831744141664e-06,0.00198993171970636,0.00220859714924227,6.91952804823432,5.88824490292008
118,0.00122072694288577,0.00154721969483829,0.0326492751952525,4.17381432935423e-06,4.18124646030465e-06,0.00207284554136079,0.0023006220304607,6.92814860252715,5.90023850524619
119,0.00114583861089584,0.00144562663457424,0.0299788023678402,4.16680965378049e-06,4.17419802755185e-06,0.00215921410558415,0.00239648128172989,6.9362997307806,5.91168190077045
120,0.00107510345398753,0.00134877649506223,0.02736730410747,4.15983043287905e-06,4.1671734342046e-06,0.0022491813599835,0.00249633466846864,6.9440034978846,5.92259174841627
121,0.00101022100137216,0.00125652408455876,0.0246303083186594,4.15287775486497e-06,4.16017389084243e-06,0.00234289724998281,0.00260034861298817,6.95095092395119,5.93298495846291
122,0.000949606635005544,0.00116872433243548,0.0219117697429933,4.14595263809259e-06,4.15320053091726e-06,0.0024405179687321,0.00270869647186267,6.95740570973378,5.94287849319834
123,0.000892491599795781,0.00108671648769246,0.0194224887896676,4.13905603265083e-06,4.14625441396701e-06,0.00254220621742926,0.00282155882485695,6.96348747008837,5.95210815152856
124,0.000838667899999506,0.00101006933334307,0.017140143334356,4.13218882276907e-06,4.13933652976335e-06,0.00264813147648882,0.00293912377589266,6.96921802850561,5.96072548285895
125,0.00078793844266884,0.000939383014692763,0.0151444572023923,4.12535182968166e-06,4.13244780106819e-06,0.0027584702880092,0.00306158726655485,6.97461801788979,5.96865581290431
126,0.000740116579284955,0.000873144239735998,0.0133027660451043,4.11854581438637e-06,4.12558908700843e-06,0.00287340655000956,0.0031891534026613,6.9797068976295,5.97608210184501
127,0.000695027265898993,0.000810456863483295,0.0115429597584302,4.11177148030101e-06,4.11876118496027e-06,0.00299313182292664,0.00332203479443885,6.98450268433195,5.98311191234266
128,0.000652509350145023,0.000751136073808268,0.00986267236632448,4.10502947582352e-06,4.11196483279453e-06,0.00311784564888191,0.00346045291087381,6.98902147596836,5.98976607592467
129,0.000612384433113503,0.000694998492492969,0.00826140593794657,4.09832039680151e-06,4.10520071148674e-06,0.00324775588425198,0.00360463844882688,6.99328283971132,5.99606540217466
130,0.000574492697282567,0.000641861529016258,0.00673688317336912,4.09164478888926e-06,4.0984694476235e-06,0.00338307904609583,0.003754831717528,6.99730348579823,6.00203076692813
131,0.000538678188376882,0.000591542788696946,0.00528646003200631,4.08500314982664e-06,4.09177161580777e-06,0.00352404067301648,0.00391128303909168,7.00109979847865,6.00768319956724
132,0.00050478693270479,0.000543857311591643,0.00390703788868529,4.07839593163099e-06,4.08510774096544e-06,0.00367087570105884,0.00407425316572049,7.00468811239716,6.01304424223497
133,0.000472665929960576,0.000498617105229061,0.0025951175268485,4.07182354270426e-06,4.07847830055346e-06,0.00382382885526961,0.00424401371429218,7.00808484159205,6.01813603744916
134,0.000442160932757832,0.000461122351716813,0.00189614189589807,4.06528634985833e-06,4.07188372667057e-06,0.00398315505757252,0.00442084761905435,7.01130682977655,6.02230992864008
135,0.000413114235754303,0.000428071136756198,0.00149569010018952,4.05878468026039e-06,4.06532441092615e-06,0.00414911985163804,0.00460504960318163,7.01437171156005,6.02596740642334
136,0.000385362574015047,0.000397829511262884,0.00124669372478365,4.05231882330026e-06,4.05880070475702e-06,0.00432199984545629,0.00479692666998085,7.01729827277255,6.029305556262
137,0.00035873422506218,0.000368862841975463,0.00101286169132833,4.0458890323815e-06,4.05231292063357e-06,0.00450208317235031,0.00499679861456339,7.02010697563442,6.03250925522141
138,0.000333045115946532,0.000340980714518551,0.000793559857201973,4.03949552663752e-06,4.04586133329843e-06,0.00468966997119824,0.00520499855683685,7.02282069405504,6.03559931900663
139,0.00030809528413692,0.000313981247735272,0.000588596359835173,4.0331384925732e-06,4.03944618159026e-06,0.00488507288666482,0.00542187349670507,7.02546543659013,6.03859824874557
140,0.000283663548275998,0.000287646717478981,0.000398316920298321,4.02681808563233e-06,4.03306767018169e-06,0.00508861759027587,0.00564778489240112,7.0280714515742,6.0415307605701
141,0.000259501756728285,0.000261739459177096,0.00022377024488114,4.02053443169019e-06,4.02672597123406e-06,0.00530064332320403,0.00588310926291781,7.03067449953283,6.04442429693777
142,0.000235327498341427,0.000235995623450189,6.68125108762273e-05,4.01428762846959e-06,4.02042122597095e-06,0.00552150346167087,0.0061282388155394,7.0333175219516,6.04730981868637
143,0.000210815355794429,0.000210119504755414,-6.95851039015456e-05,4.00807774687737e-06,4.01415354617126e-06,0.00575156610590713,0.00638358209952021,7.036052736423,6.05022254891698
144,0.000185586051745935,0.000183774817912897,-0.000181123383303781,4.00190483225679e-06,4.00792301558158e-06,0.00599121469365331,0.00664956468700023,7.03894433072256,6.05320311672037
145,0.000159194053617726,0.000156576533114349,-0.00026175205033769,3.99576890554879e-06,4.00172969124586e-06,0.00624084863922217,0.0069266298822919,7.04207173338383,6.05629866585851
146,0.000131110889040054,0.000131175223836596,6.43347965424636e-06,3.9896699643528e-06,3.99557360474953e-06,0.00650088399918976,0.00721523946072072,7.04553404372652,6.05918561109291
147,0.000100706565187039,0.000106158355515473,0.000545179032843422,3.98360798387319e-06,3.9894547645122e-06,0.00677175416582268,0.00751587443825076,7.04945533416435,6.06203730723123
148,6.72257602089907e-05,7.96317857505302e-05,0.00124060255415395,3.97758291773329e-06,3.98337315651076e-06,0.00705391058939861,0.00782903587317789,7.05399158199822,6.06508641021246
149,2.97589300493688e-05,5.26306845398877e-05,0.00228717544905188,3.97159469863231e-06,3.97732874481235e-06,0.00734782353062353,0.00815524570122695,7.05933943125943,6.06820816622635
150,0,2.59187710167357e-05,0.00259187710167357,3.96564323881171e-06,3.97132147306166e-06,0.00765398284439955,0.00849504760544472,7.06349233813623,6.07131178411764
151,0,4.41198321636159e-06,0.000441198321636159,3.9597284361637e-06,3.96535126578017e-06,0.00797289879624953,0.0088490079223383,7.06260388612845,6.07379889187678
152,0,0,0,3.95385018463752e-06,3.95941803090343e-06,0.00830510291275994,0.00921771658576903,7.06188164390402,6.07421658767995
153,0,0,0,3.94800836197964e-06,3.95352166434589e-06,0.00865114886745826,0.00960178811017609,7.06129490763965,6.0741145370641
154,0,0,0,3.94220283087003e-06,3.94766204701063e-06,0.00901161340360235,0.0100018626147667,7.06081863251105,6.07402939196882
155,0,0,0,3.93643343996812e-06,3.94183904448342e-06,0.0093870972954191,0.010418606890382,7.06043239011773,6.07395836786324
156,0,0,0,3.93070002488161e-06,3.93605250801573e-06,0.00977822634939488,0.0108527155108146,7.06011951794492,6.07389913830576
157,0,0,0,3.92500240906842e-06,3.93030227545265e-06,0.0101856524472863,0.0113049119904318,7.05986642555516,6.07384975960248
158,0,0,0,3.91934040468023e-06,3.92458817211052e-06,0.01061005463259,0.0117759499900332,7.0596620285762,6.07380860785658
159,0,0,0,3.91371381335423e-06,3.91891001160842e-06,0.0110521402422812,0.0122666145729513,7.05949728695285,6.07377432636607
160,0,0,0,3.90812242695861e-06,3.91326759665716e-06,0.0115126460857096,0.0127777235134909,7.05936482829632,6.07374578168234
161,0,0,0,3.90256602829624e-06,3.90766071980855e-06,0.0119923396726142,0.0133101286598864,7.05925864058634,6.07372202688752
162,0,0,0,3.89704439177025e-06,3.90208916416785e-06,0.0124920204923064,0.0138647173540483,7.05917382151164,6.07370227091377
163,0,0,0,3.89155728401455e-06,3.89655270407144e-06,0.0130125213461525,0.014442413910467,7.05910637395819,6.07368585291288
164,0,0,0,3.886104464492e-06,3.89105110573186e-06,0.0135547097355755,0.0150441811567364,7.05905303921193,6.07367222083144
165,0,0,0,3.88068568606232e-06,3.88558412785196e-06,0.0141194893078912,0.0156710220382671,7.05901116086398,6.07366091352133
166,0,0,0,3.8753006955217e-06,3.8801515222098e-06,0.0147078013623867,0.0163239812898616,7.05897857378877,6.0736515457865
167,0,0,0,3.86994923411588e-06,3.87475303421572e-06,0.0153206264191528,0.0170041471769391,7.05895351361014,6.07364379588589
168,0,0,0,3.86463103802804e-06,3.86938840344302e-06,0.0159589858532842,0.0177126533093116,7.05893454279276,6.07363739510038
169,0,0,0,3.8593458388429e-06,3.86405736413333e-06,0.016623943597171,0.0184506805305329,7.05892049041612,6.07363211900969
170,0,0,0,3.85409336398826e-06,3.85875964567798e-06,0.0173166079137197,0.0192194588859718,7.05891040300286,6.07362778021057
171,0,0,0,3.84887333715493e-06,3.85349497307632e-06,0.0180381332434581,0.0200202696728873,7.05890350442533,6.07362422222091
172,0,0,0,3.84368547869626e-06,3.84826306737203e-06,0.0187897221286021,0.0208544475759243,7.05889916321765,6.07362131440772
173,0,0,0,3.83852950600805e-06,3.84306364606843e-06,0.019572627217294,0.0217233828915878,7.05889686590324,6.07361894772398
174,0,0,0,3.83340513388968e-06,3.83789642352353e-06,0.0203881533513478,0.0226285238454039,7.05889619523656,6.07361703117728
175,0,0,0,3.82831207488745e-06,3.8327611113258e-06,0.0212376597409874,0.023571379005629,7.05889681250516,6.07361548885264
176,0,0,0,3.82325003962075e-06,3.8276574186515e-06,0.0221225622301951,0.0245535197975303,7.05889844306011,6.07361425745021
177,0,0,0,3.81821873709182e-06,3.82258505260412e-06,0.0230443356564533,0.0255765831224274,7.05890086456045,6.07361328421328
178,0,0,0,3.81321787497981e-06,3.8175437185369e-06,0.0240045163088055,0.0266422740858619,7.05890389740229,6.07361252520895
179,0,0,0,3.8082471599198e-06,3.81253312035903e-06,0.025004704488339,0.0277523688394394,7.05890739692292,6.07361194389346
180,0,0,0,3.80330629776745e-06,3.80755296082618e-06,0.0260465671753531,0.0289087175410829,7.05891124711329,6.07361150991717
181,0,0,0,3.79839499384973e-06,3.80260294181607e-06,0.0271318408076594,0.0301132474386278,7.05891535548593,6.07361119813266
182,0,0,0,3.79351295320255e-06,3.79768276458959e-06,0.0282623341746454,0.0313679660819041,7.05891964898719,6.07361098776451
183,0,0,0,3.78865988079566e-06,3.79279213003828e-06,0.0294399314319223,0.0326749646686501,7.05892407070872,6.07361086173897
184,0,0,0,3.78383548174542e-06,3.7879307389184e-06,0.0306665952415858,0.0340364215298438,7.05892857731127,6.07361080612139
185,0,0,0,3.77903946151596e-06,3.78309829207253e-06,0.0319443700433185,0.035454605760254,7.05893313701274,6.07361080965945
186,0,0,0,3.77427152610934e-06,3.77829449063893e-06,0.03327538546179,0.0369318810002646,7.05893772810811,6.07361086342126
187,0,0,0,3.76953138224496e-06,3.77351903624927e-06,0.0346618598560311,0.0384707093752756,7.05894233793813,6.07361096051031
188,0,0,0,3.76481873752897e-06,3.76877163121532e-06,0.0361061040166993,0.0400736555992453,7.05894696225535,6.0736110958453
189,0,0,0,3.76013330061407e-06,3.76405197870488e-06,0.037610525017395,0.0417433912492142,7.05895160499854,6.07361126600594
190,0,0,0,3.75547478135001e-06,3.75935978290757e-06,0.0391776302264532,0.0434826992179313,7.05895627848288,6.07361146914569
191,0,0,0,3.75084289092565e-06,3.75469474919087e-06,0.0408100314858888,0.0452944783520117,7.05896100396775,6.07361170494629
192,0,0,0,3.74623734200261e-06,3.75005658424684e-06,0.0425104494644675,0.0471817482833457,7.05896581269869,6.07361197464416
193,0,0,0,3.74165784884148e-06,3.7454449962299e-06,0.0442817181921537,0.0491476544618182,7.0589707474904,6.07361228111103
194,0,0,0,3.73710412742073e-06,3.74085969488616e-06,0.0461267897834934,0.0511954733977275,7.05897586488151,6.07361262900048
195,0,0,0,3.73257589554923e-06,3.73630039167465e-06,0.0480487393578058,0.0533286181226328,7.05898123803146,6.07361302496523
196,0,0,0,3.72807287297285e-06,3.73176679988086e-06,0.0500507701643806,0.0555506438777424,7.05898696053897,6.073613477963
197,0,0,0,3.7235947814759e-06,3.727258634723e-06,0.05213621892123,0.057865254039315,7.05899315133005,6.07361399965161
198,0,0,0,3.71914134497832e-06,3.72277561345131e-06,0.0543085613762811,0.0602763062909531,7.05899996090247,6.07361460490718
199,0,0,0,3.71471228962964e-06,3.71831745544098e-06,0.0565714181002932,0.0627878190530762,7.05900757933389,6.07361531247079
200,0,0,0,NaN,NaN,0.0589285605211386,0.0654039781802877,7.05901624636842,6.07361614577644
