year,sector,VA,input_domestic,input_import,input_global,beta_domestic,beta_global
2000,m,171624.12285231298,58408.06150531665,8135.554937860819,66543.61644317747,0.2539125630112263,0.2793981109281052
2000,x,182722.67218466967,174925.5367416538,13341.473199251195,188267.009940905,0.48909943451636007,0.507472361123993
2000,s,474812.98543073906,57789.16278384883,3585.5622487348664,61374.725032583694,0.10850343540215181,0.11446499767693195
2000,e,127178.82806809341,71665.03337058384,11374.637192753391,83039.67056333723,0.36040857812794536,0.3950160005134849
2001,m,182709.88142495608,61179.82148545301,8621.19477379373,69801.01625924674,0.2508503670117099,0.27642773796852854
2001,x,199729.47069250554,187906.99304206262,14001.382918457035,201908.37596051965,0.48475056043935755,0.5027125248357092
2001,s,544579.4454110169,63674.09588425549,3601.9171975689605,67276.01308182445,0.10468347746675156,0.10995409479150961
2001,e,140951.34642777193,79523.17575131165,10650.77277407657,90173.94852538822,0.3606909994195058,0.390151794262341
2002,m,191349.80996303156,64216.84398390668,10750.0858725027,74966.92985640938,0.25127239016573594,0.28149537241720485
2002,x,222882.24514502328,202342.59678245182,17988.618784127553,220331.21556657937,0.47584848492215487,0.4971221208237357
2002,s,613023.0612673361,70980.03377430841,4037.9544221929245,75017.98819650133,0.1037715096449774,0.10903126819970962
2002,e,155682.89952946396,90136.01679130961,12529.851517040224,102665.86830834983,0.36667648747458265,0.3973925216194622
2003,m,212291.57818692512,73227.25791188794,13764.29720101309,86991.55511290103,0.256470847641538,0.2906664139530764
2003,x,264107.83172798983,254628.16007643627,26067.803927962523,280695.9640043988,0.4908627203420198,0.5152239507198269
2003,s,687061.9134093793,74234.5202378072,5778.317140466825,80012.83737827402,0.09751066333276727,0.10430904849379366
2003,e,188433.39161964858,106186.93948717148,20235.3058593069,126422.24534647838,0.3604195918464006,0.40152447821691445
2004,m,234582.73121085373,84489.68373952823,18265.850088570573,102755.5338280988,0.26479783203028373,0.3046068130344881
2004,x,319287.8009671221,325966.9708592582,33138.97953638679,359105.950395645,0.5051756067399787,0.5293473733716855
2004,s,792014.5044531901,92282.46834096593,9015.704633787827,101298.17297475376,0.10435687464741233,0.11339609918714563
2004,e,234865.52433338948,134151.5185783704,39376.52119819156,173528.03977656196,0.36353746027510436,0.42490395301587847
2005,m,274162.8188267685,111930.89101281176,21410.125596937156,133341.0166097489,0.28990602063762816,0.32721413889740264
2005,x,370849.35432001785,424296.473962068,37321.54042116995,461618.0143832379,0.5336083758104615,0.5545178486723218
2005,s,927359.50774345,122949.14684585082,11481.264038746987,134430.4108845978,0.11706001498571605,0.1266073528540345
2005,e,285218.7286941815,200172.26540256836,57020.77660914531,257193.04201171367,0.41239385945976026,0.4741656724687269
2006,m,329031.676152339,138763.1983857073,24762.787645242817,163525.98603095012,0.29663257538411003,0.33199358894573305
2006,x,455760.3724171314,546010.6097910784,41812.560127275414,587823.1699183538,0.5450453441838612,0.5632737064852866
2006,s,1125056.3011968907,141933.09828799652,13321.6120270635,155254.71031506002,0.11202390355097008,0.12126327815591925
2006,e,350256.7668045702,249638.25434111428,73930.37839360503,323568.6327347193,0.41613656646850156,0.48019655085123075
2007,m,409644.5876662688,180254.63939374866,28475.760587045952,208730.3999807946,0.30556852954718183,0.337546641035758
2007,x,589200.1949443456,744778.2466699954,51225.9952871548,796004.2419571502,0.5583135554789678,0.5746474821707168
2007,s,1480396.4286609704,180266.27440773044,13626.431872282643,193892.70628001308,0.10855080569619616,0.11580598728955352
2007,e,462420.18365427427,310027.54920951836,98676.10605138954,408703.6552609079,0.4013573165139785,0.4691682594404373
2008,m,508113.4784725742,213969.8650393416,28332.043655009562,242301.90869435115,0.2963229479836501,0.32289037889951017
2008,x,770905.4635564999,984569.8296768544,57119.4022106427,1041689.2318874971,0.5608565574645066,0.5746950680733037
2008,s,1905334.6403035289,205667.0936248051,14837.260363505367,220504.35398831047,0.09742630255546121,0.103725801709534
2008,e,569145.7770799599,463983.92501044774,150961.58075687324,614945.505767321,0.4491052034140871,0.5193396106156742
2009,m,568432.761283329,219619.3933614918,24390.374588913954,244009.76795040575,0.278686368747352,0.3003409584928384
2009,x,888739.7355790847,1059706.2210377005,60022.91186869424,1119729.1329063948,0.5438725243771904,0.5575038530473941
2009,s,2181659.296416473,205104.1522307499,10888.466505743621,215992.61873649352,0.0859340092320416,0.09008506087620043
2009,e,590916.546249218,436143.7145570218,115920.82402693649,552064.5385839583,0.4246525069664851,0.48300408983980236
2010,m,631643.0417659117,248140.28764254512,30864.473136815068,279004.7607793602,0.2820470442528027,0.3063805348231648
2010,x,1111445.8766771764,1234237.4630940477,82333.05885829218,1316570.52195234,0.526173947765014,0.5422411984925113
2010,s,2580327.9038976505,258612.33339445898,14150.662272758258,272762.99566721724,0.0910946732859489,0.0956026307149264
2010,e,699692.1376276814,544828.918665191,185956.48887306906,730785.4075382601,0.43778200128498007,0.510868143304889
2011,m,793069.2907506569,312269.50055658486,35647.23113052442,347916.7316871093,0.282510215883472,0.30492637494696917
2011,x,1355132.9015332295,1568471.781603347,106790.99151018867,1675262.7731135357,0.5364855893993913,0.5528198139699401
2011,s,3195318.719924472,322638.90496790275,17865.35212879372,340504.25709669647,0.09171199297142565,0.09630127393525842
2011,e,862900.7007033766,738057.5450447319,262334.6083582506,1000392.1534029825,0.46100986518848686,0.5368947512455167
2012,m,946063.7582492379,341255.2592942727,32326.44818592514,373581.70748019783,0.26508989197212607,0.283092479898531
2012,x,1518400.280556236,1742867.8491974613,112098.70105355466,1854966.550251016,0.5344141542048212,0.5498858094265188
2012,s,3695263.8998421,340179.48481246375,17173.973456910404,357353.45826937415,0.08429792029942784,0.08817843548789946
2012,e,900323.3280188955,764376.9986773022,266954.6775867763,1031331.6762640785,0.4591679273556114,0.533910907474343
2013,m,1030179.2516606015,398499.9110757864,34602.10830730741,433102.0193830938,0.2789289026323648,0.29598001966783927
2013,x,1694167.3856104014,1958779.8414061374,137003.65593596664,2095783.497342104,0.536219036212556,0.5529843425594515
2013,s,4269847.803350847,368844.0773074827,17227.576680667175,386071.6539881499,0.07951467499823157,0.0829206040881132
2013,e,969627.7436316459,882010.907562896,270498.2472249522,1152509.1547878482,0.4763407304086502,0.5430889758555179
2014,m,1090171.3672008172,417520.46693379607,32814.54547284532,450335.0124066414,0.2769269272944262,0.29232920964689074
2014,x,1822692.8472851103,2099542.9419435523,109604.75682504615,2209147.6987685985,0.5352923829080768,0.5479253639955756
2014,s,4787099.214220097,402786.58216988377,16063.15499027964,418849.7371601634,0.07760991242814187,0.08045598239089786
2014,e,1040316.6469412559,996104.9354182618,255081.7323998505,1251186.6678181123,0.48914475472417457,0.5460112842775879
