year,sector,alpha_tilde,beta_global,beta_domestic,alpha_global,alpha_domestic
2000,m,0.6312140156176711,0.2793981109281052,0.2539125630112263,0.45485401206275033,0.47094084710358003
2001,m,0.6324514678686314,0.27642773796852854,0.2508503670117099,0.4576243392308301,0.47380078503669054
2002,m,0.6346695537099308,0.28149537241720485,0.25127239016573594,0.45601301132649263,0.4751946179838156
2003,m,0.6339378561536778,0.2906664139530764,0.256470847641538,0.4496734128363871,0.47135127683388467
2004,m,0.6296531516934619,0.3046068130344881,0.26479783203028373,0.4378565118389954,0.46292236219399785
2005,m,0.6337347791973181,0.32721413889740264,0.28990602063762816,0.4263677991329321,0.4500112512205577
2006,m,0.633803280546785,0.33199358894573305,0.29663257538411003,0.42338465475247855,0.44579658115129456
2007,m,0.6324691500844951,0.337546641035758,0.30556852954718183,0.4189813129147331,0.43920648190922007
2008,m,0.6162017735618107,0.32289037889951017,0.2963229479836501,0.4172361494178875,0.43360704746722134
2009,m,0.5998250333122975,0.3003409584928384,0.278686368747352,0.41967300787928336,0.4326619728947339
2010,m,0.5862456896746256,0.3063805348231648,0.2820470442528027,0.40663142173433875,0.42089682569595166
2011,m,0.5748213972398629,0.30492637494696917,0.282510215883472,0.39954319233755975,0.4124284802111902
2012,m,0.5631082931052692,0.283092479898531,0.26508989197212607,0.40369656995866965,0.4138339765173851
2013,m,0.5638051699980778,0.29598001966783927,0.2789289026323648,0.3969301046932173,0.4065436126320601
2014,m,0.5638051726316772,0.29232920964689074,0.2769269272944262,0.39898845212143014,0.40767233858208335
2000,s,0.5406355605926068,0.11446499767693195,0.10850343540215181,0.47875171240530723,0.48197474496774073
2001,s,0.5375005457980607,0.10995409479150961,0.10468347746675156,0.4784001598348926,0.4812331195236428
2002,s,0.534832855677654,0.10903126819970962,0.1037715096449774,0.4765193511482471,0.47933244283624954
2003,s,0.5441368133458802,0.10430904849379366,0.09751066333276727,0.4873784200953264,0.4910776717327452
2004,s,0.5517703175249697,0.11339609918714563,0.10435687464741233,0.4892017158703854,0.49418929166485354
2005,s,0.5553743239531018,0.1266073528540345,0.11706001498571605,0.4850598509543006,0.4903621972684698
2006,s,0.5628406687139947,0.12126327815591925,0.11202390355097008,0.49458876414626596,0.49978905992741474
2007,s,0.5732155624822983,0.11580598728955352,0.10855080569619616,0.506833768339299,0.5109925513372466
2008,s,0.5409626205897915,0.103725801709534,0.09742630255546121,0.48485083907422494,0.4882586326450153
2009,s,0.518141015439592,0.09008506087620043,0.0859340092320416,0.47146425052126006,0.47361508063530666
2010,s,0.4986635074970993,0.0956026307149264,0.0910946732859489,0.4509899643388442,0.45323791820202575
2011,s,0.47617319057349944,0.09630127393525842,0.09171199297142565,0.43031710570745485,0.4325023982664413
2012,s,0.45050434234531056,0.08817843548789946,0.08429792029942784,0.410779574256796,0.41252776319973944
2013,s,0.4525255110911882,0.0829206040881132,0.07951467499823157,0.41500182234622474,0.4165430921483637
2014,s,0.44973490340014366,0.08045598239089786,0.07760991242814187,0.4135510399316095,0.4148310169313797
2000,x,0.5170417337674673,0.507472361123993,0.48909943451636007,0.2546573443328477,0.2641569141604407
2001,x,0.518073698621962,0.5027125248357092,0.48475056043935755,0.2576315615367412,0.26693718286607504
2002,x,0.5201430205702969,0.4971221208237357,0.47584848492215487,0.26156841905272693,0.27263375228908787
2003,x,0.5297369787574008,0.5152239507198269,0.4908627203420198,0.25680379971962775,0.26970884429878034
2004,x,0.5401906392993703,0.5293473733716855,0.5051756067399787,0.25424214326627703,0.2672995053360539
2005,x,0.5464678316383849,0.5545178486723218,0.5336083758104615,0.24344166526963915,0.2548680195651616
2006,x,0.5531396367982737,0.5632737064852866,0.5450453441838612,0.24157062337498483,0.25165345307782266
2007,x,0.5598308487793416,0.5746474821707168,0.5583135554789678,0.23812546108679766,0.24726969713053906
2008,x,0.5357108638397979,0.5746950680733037,0.5608565574645066,0.22784047247777692,0.23525391295027184
2009,x,0.5088567712375598,0.5575038530473941,0.5438725243771904,0.2251671606233638,0.23210355451816167
2010,x,0.48771137418929766,0.5422411984925113,0.526173947765014,0.22325417413046325,0.23109035506221495
2011,x,0.46335492577590753,0.5528198139699401,0.5364855893993913,0.20720314190641495,0.2147716853199086
2012,x,0.43983338145328593,0.5498858094265188,0.5344141542048212,0.197975246480043,0.20478019691288166
2013,x,0.43924015320981735,0.5529843425594515,0.536219036212556,0.19634722586137376,0.20371122158979368
2014,x,0.4379632265580623,0.5479253639955756,0.5352923829080768,0.19799206622955928,0.20352484738768722
2000,e,0.6270665326964836,0.3950160005134849,0.36040857812794536,0.3793652188948603,0.4010663752557232
2001,e,0.6330437833118059,0.390151794262341,0.3606909994195058,0.3860606154060843,0.4047105884327656
2002,e,0.6389700535347314,0.3973925216194622,0.36667648747458265,0.38504813272124166,0.40467475870317
2003,e,0.6456635291585058,0.40152447821691445,0.3604195918464006,0.3864138175094452,0.41295374350909053
2004,e,0.6582512857837821,0.42490395301587847,0.36353746027510436,0.37855771237646835,0.41895228512712407
2005,e,0.6701187058278751,0.4741656724687269,0.41239385945976026,0.35237141904512775,0.39376586643533795
2006,e,0.6807508378066144,0.48019655085123075,0.41613656646850156,0.35385663350279256,0.3974655215412141
2007,e,0.6913454940857872,0.4691682594404373,0.4013573165139785,0.3669881319535693,0.413868921795485
2008,e,0.683991937286299,0.5193396106156742,0.4491052034140871,0.3287678309117718,0.3768075991577402
2009,e,0.6752381137464639,0.48300408983980236,0.4246525069664851,0.34909534319120816,0.38849655594470744
2010,e,0.6740058674191057,0.510868143304889,0.43778200128498007,0.329677741354106,0.3789382299025507
2011,e,0.6656069622343868,0.5368947512455167,0.46100986518848686,0.3082460778182717,0.35875558630619386
2012,e,0.6598282158701779,0.533910907474343,0.4591679273556114,0.30753873435775453,0.3568562615783174
2013,e,0.6596841787701342,0.5430889758555179,0.4763407304086502,0.3014169737337737,0.3454497352157379
2014,e,0.6600063903698591,0.5460112842775879,0.48914475472417457,0.2996354535325973,0.33716772643600657
