year,sector,CAP,COMP,LAB,VA
2000,m,896828.91,523971.148,523971.147,1420800.0659999999
2001,m,956439.71,555833.972,555833.972,1512273.68
2002,m,1005197.1599999999,578614.6900000001,578614.6900000001,1583811.828
2003,m,1113913.34,643219.996,643219.996,1757133.342
2004,m,1222547.59,719073.105,719073.105,1941620.71
2005,m,1423568.31,822747.2729999999,822747.272,2246315.588
2006,m,1662637.95,960633.341,960633.34,2623271.306
2007,m,1970442.4300000002,1145033.526,1145033.526,3115475.94
2008,m,2174761.58,1354539.492,1354539.492,3529301.14
2009,m,2329233.57,1553954.761,1553954.761,3883188.33
2010,m,2506756.13,1769191.9479999999,1769191.9479999999,4275947.9799999995
2011,m,2944993.42,2178325.639,2178325.639,5123319.05
2012,m,3362788.72,2609044.338,2609044.338,5971833.04
2013,m,3598327.2,2783890.26,2783890.26,6382217.42
2014,m,3775989.59,2921340.93,2921340.93,6697330.48
2000,s,2125112.06,1805654.273,1805654.273,3930766.322
2001,s,2422749.48,2084686.836,2084686.836,4507436.357
2002,s,2713753.76,2360268.397,2360268.397,5074022.176
2003,s,3094396.31,2592401.999,2592402.0,5686798.318
2004,s,3617094.26,2938340.393,2938340.393,6555434.655
2005,s,4219841.56,3378351.907,3378351.908,7598193.432
2006,s,5048533.36,3921204.6859999998,3921204.687,8969737.962
2007,s,6453765.5600000005,4805115.012,4805115.004,11258880.512
2008,s,7159233.28,6075014.351,6075014.3610000005,13234247.677
2009,s,7722257.13,7181517.904,7181517.924,14903774.943
2010,s,8710502.09,8757192.977,8757192.967,17467694.841000002
2011,s,9829227.58,10812899.643000001,10812899.643000001,20642127.108
2012,s,10508281.31,12817312.524,12817312.524,23325593.779
2013,s,11970554.37,14482218.074000001,14482218.074000001,26452772.433
2014,s,13226227.3,16182713.833999999,16182713.833999999,29408941.214
2000,x,782118.71,730561.329,730561.329,1512680.038
2001,x,856450.07,796693.242,796693.242,1653143.322
2002,x,959563.67,885243.685,885243.685,1844807.351
2003,x,1158013.22,1028002.23,1028002.23,2186015.468
2004,x,1427571.05,1215146.0690000001,1215146.0690000001,2642717.111
2005,x,1660444.43,1378059.09,1378059.09,3038503.55
2006,x,2009911.04,1623730.28,1623730.28,3633641.3
2007,x,2508631.4899999998,1972421.1269999999,1972421.1369999999,4481052.67
2008,x,2868531.17,2486094.55,2486094.55,5354625.73
2009,x,3089438.19,2981893.4,2981893.4,6071331.62
2010,x,3669542.34,3854461.68,3854461.68,7524004.07
2011,x,4056354.75,4697959.76,4697959.76,8754314.540000001
2012,x,4215622.48,5368967.18,5368967.18,9584589.65
2013,x,4610172.21,5885617.34,5885617.35,10495789.64
2014,x,4904086.13,6293397.66,6293397.66,11197483.76
2000,e,660211.49,392645.672,392645.672,1052857.174
2001,e,738535.4299999999,428106.51399999997,428106.51399999997,1166641.949
2002,e,823373.65,465221.403,465221.403,1288595.05
2003,e,1007015.3099999999,552644.272,552644.272,1559659.58
2004,e,1279615.07,664346.298,664346.298,1943961.35
2005,e,1566000.86,770899.821,770899.821,2336900.68
2006,e,1900991.6600000001,891500.915,891500.915,2792492.56
2007,e,2431359.0300000003,1085491.8800000001,1085491.8800000001,3516850.8899999997
2008,e,2703973.91,1249250.92,1249250.92,3953224.86
2009,e,2725790.38,1310993.57,1310993.57,4036783.96
2010,e,3192503.39,1544107.29,1544107.29,4736610.62
2011,e,3710384.75,1864053.26,1864053.26,5574437.9799999995
2012,e,3749873.62,1933232.27,1933232.27,5683105.9
2013,e,3962779.41,2044306.3099999998,2044306.3099999998,6007085.75
2014,e,4218136.6,2172917.58,2172917.58,6391054.17
