year,code,VA,processing_global,raw_global,CONS_h,CONS_np,CONS_g,GFCF
2000,B,60243.202323030164,14220.499545774202,2920.600765933551,3496.8706579752698,0.0,1.5333648413835335,63.26918837125753
2000,C10-C12,46784.96142575545,5669.126416965296,508.97731755254915,73785.57171140789,0.0,0.5108155186816411,25.392436582426598
2000,C13-C15,48862.7822673599,15571.958740888278,487.85807126480086,40786.71317605215,0.0,0.25373817695884626,107.39281572304313
2000,C16,9539.445887941072,4104.960001762804,284.67641588896254,1359.9389050731695,0.0,0.0,3.6399860463935925
2000,C17,8980.775448730832,4403.302253970366,287.5085657622447,1179.1786010645737,0.0,0.0,17.34074209234641
2000,C18,8194.042185287908,1851.458811010287,28.357396087640858,196.3317845789722,0.0,0.0,9.538915837084339
2000,C19,10014.999593773058,3477.0691865816975,20560.703317422205,282.6094874049258,0.0,1.3711943055763394,2.6088399800832
2000,C20,30434.50614636335,60542.0435216013,10049.075217739823,3369.5990594608106,0.0,4.023838706880182,231.4266643698014
2000,C21,11282.021373205456,4320.932711458827,93.45328268379608,6455.560497112928,0.0,0.8716087755475462,50.12962155155827
2000,C22,16002.796325249068,24476.73473964832,270.1633792255136,2998.5071580260733,0.0,0.0430132584675485,70.18159843641
2000,C23,27033.391480196336,27141.2026771909,7723.923202346239,8912.867249288496,0.0,0.09442217599012848,154.0617817604029
2000,C24,30633.030954628513,70674.64523093152,17844.81038908538,592.6495075378444,0.0,8.67688639388237,316.7031014513968
2000,C25,14652.620704879891,29747.90059709875,1566.0702627756273,3839.569032973203,0.0,0.0,2403.9521388188477
2000,C26,27600.444872118158,13560.71825133527,137.20906687777722,7925.6577008597515,0.0,1.1245472078948686,16952.903114840137
2000,C27,17971.3536833253,24657.062204121677,644.5242663184506,9890.646063317725,0.0,0.8445417724075062,4597.176652046908
2000,C28,35765.278166435,29446.159905967463,1211.694997954035,805.9286211706265,0.0,0.07996971831312011,44374.79515197391
2000,C29,14681.419677294341,10486.103901058881,342.5181401519007,1655.6879207856346,0.0,0.26648185507209277,17040.21930658219
2000,C30,5345.664623876574,4034.373458538099,108.28910085992845,2984.593072487422,0.0,0.10129406637463126,7310.967208599477
2000,C31_C32,21977.29793878329,6145.1427674732895,239.66221257478887,9478.077840811768,0.0,0.0,2758.27628430436
2000,C33,0.0,0.0,0.0,0.0,0.0,0.0,0.0
2000,D35,29062.899893132155,14437.113917561062,26861.15843674359,13059.735929119748,0.0,22.231368640471207,108.91431796989012
2000,E36,2041.206362293597,2842.5461042939314,28.605376901656136,1077.9287409715944,0.0,0.0,0.6056001592110762
2000,E37-E39,5130.444976997752,3187.510662619054,320.2011279266066,731.4468463581924,0.0,10469.042242587064,376.8638540167175
2000,F,66705.89045674041,76334.69162278486,4887.167866731189,0.0,0.0,0.0,231450.07879593768
2000,G45,0.0,0.0,0.0,0.0,0.0,0.0,0.0
2000,G46,81657.86471122458,8850.912466639109,312.7685631704392,30342.570962077723,0.0,0.0,11249.856651546246
2000,G47,16893.008912163263,1831.0366521511776,64.70414204772078,6277.133844700004,0.0,0.0,2327.319462273044
2000,H49,45371.96737083974,7678.327583356436,797.938325210058,11356.511545339152,0.0,3458.891736723254,708.7646575617316
2000,H50,17899.832072587247,6797.669259613049,233.44779669423949,3006.0437053489895,0.0,10.337146267288471,1079.798202115584
2000,H51,5411.785028466573,1484.5650813271745,53.33391792281076,455.1279324017566,0.0,0.0,466.56613696960045
2000,H52,1301.6833116074768,529.0332697928229,14.231136029710086,0.0,0.0,0.0,0.0
2000,H53,2092.144768716618,297.233598799631,11.338835534266252,1538.3624709508154,0.0,0.0,0.0
2000,I,25925.532407862444,3109.793425378844,286.88513917960086,32172.972336505238,0.0,0.0,0.0
2000,J58,0.0,0.0,0.0,0.0,0.0,0.0,0.0
2000,J59_J60,0.0,0.0,0.0,0.0,0.0,0.0,0.0
2000,J61,19464.50508486662,1012.0256808589412,2.696282609198119,6369.900154404832,0.0,0.0,0.0
2000,J62_J63,2817.122168997037,80.0888807108389,44.175633728396555,148.49906095260238,0.0,0.0,1888.6062075524976
2000,K64,44361.418771890516,712.6666907847925,18.621663584181874,9128.153308461167,0.0,0.0,0.0
2000,K65,5003.293254747921,386.2719224261334,3.020655214479061,149.35979629405614,0.0,0.0,0.0
2000,K66,0.0,0.0,0.0,0.0,0.0,0.0,0.0
2000,L68,50118.172824822206,3331.467561721609,386.08333809124485,41165.446448962575,0.0,0.0,9763.392973909984
2000,M69_M70,14995.244434297641,726.1122885743127,34.32940760583186,2494.817176602677,0.0,495.80673685594905,0.0
2000,M71,0.0,0.0,0.0,0.0,0.0,0.0,0.0
2000,M72,2462.8206309844227,297.85504811707034,56.86035883353397,0.0,0.0,3398.88640320933,667.6597732818054
2000,M73,0.0,0.0,0.0,0.0,0.0,0.0,0.0
2000,M74_M75,7111.842173415079,359.2005778598926,49.67645244297594,0.0,0.0,7052.016011398394,0.0
2000,N,423.38367411838107,37.43149551955599,4.4512765789429425,30.27127930149461,0.0,0.0,0.0
2000,O84,42442.63412431802,3682.186417439404,325.0326749720428,0.0,0.0,94969.96824324489,0.0
2000,P85,36550.658538513286,5271.6285318763275,910.5134503659993,25910.628968498622,0.0,37444.128952057494,0.0
2000,Q,17997.108900497373,2304.1233610230274,214.3101556061671,19642.880032207126,0.0,23820.200089707574,0.0
2000,R_S,27339.31092651126,6565.038471700563,673.9412708513516,33687.80381651468,0.0,6058.6813142388355,0.0
2000,T,0.0,0.0,0.0,0.0,0.0,0.0,0.0
2000,U,0.0,0.0,0.0,0.0,0.0,0.0,0.0
2001,B,65211.183586326224,16838.264263985886,3066.7459990917755,3583.334736353181,0.0,1.5991123775168392,60.49999369565371
2001,C10-C12,49755.387072063044,5989.292396424567,516.1055465429804,79470.99627611288,0.0,0.5329344322747771,24.378314910955442
2001,C13-C15,47885.80856985885,16350.585588485865,485.63658893610597,41641.35785073922,0.0,0.24130550709820583,93.54898761677158
2001,C16,11536.672073093474,4780.420047332524,310.3504395884157,1586.6640175831628,0.0,0.0,4.369663188323406
2001,C17,10669.406317369787,4924.812413859255,299.3377311891588,1364.437779270828,0.0,0.0,18.418209201169446
2001,C18,9734.745730543827,1992.414197534504,28.821625118754223,243.90926165463628,0.0,0.0,10.870616584438508
2001,C19,11090.271924367556,5220.458779419836,27470.448123000475,630.1680722591666,0.0,2.0084343052365154,3.583685837489163
2001,C20,32076.822165323058,59702.13889145211,9252.069995503105,3537.324930647229,0.0,3.909291770657673,203.14704483897603
2001,C21,11890.82522033722,4059.5941391894175,84.86463709463698,7229.20691185288,0.0,0.9020445736192384,46.87490732188396
2001,C22,18787.02868580766,25786.796760042147,272.9182429378475,3520.2227415382326,0.0,0.04957108757878161,73.46614725645837
2001,C23,24830.581412128035,22192.420236645037,6309.061982298389,7643.5305554112565,0.0,0.06530291341405761,96.78128295104166
2001,C24,38056.479577223006,77785.42883674303,17743.907676766736,738.1293913155337,0.0,9.9749784113626,333.44664812507716
2001,C25,15877.690628260794,30216.74270789748,1437.7321936114006,3935.0098664876537,0.0,0.0,2123.0961009014964
2001,C26,30036.896699468507,13757.810156368825,144.04109486732185,9016.091771398836,0.0,1.2161434672492506,15798.222834170416
2001,C27,18932.1656092452,23826.565061794096,576.020730483653,9904.292286953112,0.0,0.7604628097555597,3840.0760534675064
2001,C28,39435.2482663997,33164.5476632878,1233.8565949135777,960.2322196928377,0.0,0.09152579034604699,46611.66863096948
2001,C29,17434.184064901452,11515.408969857694,345.3724065862098,1765.2966816807848,0.0,0.3188858117029325,18982.882663673543
2001,C30,6347.9760847672815,4447.111639963951,108.7640381496895,3824.099669466903,0.0,0.1326984617749045,7164.570117749768
2001,C31_C32,22450.007755882216,5917.100716378456,217.69731674684303,9597.969982267625,0.0,0.0,2625.202801939183
2001,C33,0.0,0.0,0.0,0.0,0.0,0.0,0.0
2001,D35,34897.19134873027,18397.08215647287,29398.460747819514,15898.424343398267,0.0,28.86783610336191,129.1039417852831
2001,E36,2450.97252060653,3396.9710139008453,29.399216325625375,1307.4113631531254,0.0,0.0,0.7069418707550047
2001,E37-E39,6160.366677956011,3677.8195660070387,339.8546545448427,828.9551185803679,0.0,12712.190015553533,409.02633126166177
2001,F,71665.30933946259,84980.18976134981,5574.022072745523,0.0,0.0,0.0,266020.3609972173
2001,G45,0.0,0.0,0.0,0.0,0.0,0.0,0.0
2001,G46,91292.65446505093,8607.533010724334,263.14075174519706,31579.20709690283,0.0,0.0,11247.617513209792
2001,G47,18886.210543797853,1780.6874230416954,54.43736624431721,6532.963271653318,0.0,0.0,2326.8561456253565
2001,H49,50625.641153963945,9404.102434988898,810.383867176571,13131.141178975697,0.0,4295.644770891268,786.3841869423023
2001,H50,19972.474806226262,8229.065673706418,220.50492116635658,3503.9805488463144,0.0,12.941985977557335,1205.176863753382
2001,H51,6038.422019795972,1778.4594776303184,50.80789604834589,557.2217336072615,0.0,0.0,526.0826701258385
2001,H52,1452.4067623282358,617.5759374508135,14.801615893847673,0.0,0.0,0.0,0.0
2001,H53,2334.396686780263,330.9950098093016,11.664069321743082,1834.2595095850518,0.0,0.0,0.0
2001,I,28997.89047345026,3351.054698119024,274.8338670339031,35039.52961150027,0.0,0.0,0.0
2001,J58,0.0,0.0,0.0,0.0,0.0,0.0,0.0
2001,J59_J60,0.0,0.0,0.0,0.0,0.0,0.0,0.0
2001,J61,23780.39466902773,1483.784098686816,3.431210934918268,8153.45543688439,0.0,0.0,0.0
2001,J62_J63,3441.7662672400743,97.23696019757665,52.383464306598626,193.70525913900613,0.0,0.0,2366.5943488775183
2001,K64,47266.63227441167,1037.8066194375888,24.321800229795727,10948.320445004121,0.0,0.0,0.0
2001,K65,5330.957146552415,475.98193108553323,3.2001596957250458,221.54881182341646,0.0,0.0,0.0
2001,K66,0.0,0.0,0.0,0.0,0.0,0.0,0.0
2001,L68,56966.521606924645,2920.990351440495,348.8915450154601,46234.884451215294,0.0,0.0,10534.220927904087
2001,M69_M70,18320.159143598543,963.1127128698708,40.71822366706121,3757.6691784220907,0.0,802.0955520944756,0.0
2001,M71,0.0,0.0,0.0,0.0,0.0,0.0,0.0
2001,M72,3008.904996478354,396.6785642495411,68.88437030534082,0.0,0.0,4426.872478748169,777.761445214169
2001,M73,0.0,0.0,0.0,0.0,0.0,0.0,0.0
2001,M74_M75,8688.760026019716,456.8548901974698,59.8757082084878,0.0,0.0,9198.45473297197,0.0
2001,N,517.2610771792005,49.555440712008966,5.258946354033248,37.816254507109285,0.0,0.0,0.0
2001,O84,49651.134149282734,3849.4123278408065,304.9871732805069,0.0,0.0,103817.02536982736,0.0
2001,P85,42253.5711531764,5232.725775404236,814.9279485875173,26911.03639119695,0.0,41770.53788161547,0.0
2001,Q,20973.951613794303,2161.1901443641536,179.18909879001995,19190.143485468157,0.0,24936.44020397162,0.0
2001,R_S,36167.995177374876,6976.419019959677,679.9071619245848,39296.91457622655,0.0,7513.558519195443,0.0
2001,T,0.0,0.0,0.0,0.0,0.0,0.0,0.0
2001,U,0.0,0.0,0.0,0.0,0.0,0.0,0.0
2002,B,71079.74613396851,19738.156252693927,3263.568217089235,3484.785129004471,0.0,1.3623547903569737,61.938011485721205
2002,C10-C12,53460.772452317884,6669.109821765219,550.6514721561618,87547.17228047579,0.0,0.47404639290584905,26.391217835940065
2002,C13-C15,45897.59555366479,17972.26741764137,495.83157581435125,39830.909254857856,0.0,0.17174274462968767,82.14944626641878
2002,C16,12808.745960358148,5486.6702233258575,328.2246770904973,1676.4432141166913,0.0,0.0,4.8845464122186115
2002,C17,12101.592367132136,5485.173604177557,306.173076372864,1560.0259143463563,0.0,0.0,20.02193032792358
2002,C18,11041.46951803057,2137.191481379885,28.797335915515543,283.39753004578546,0.0,0.0,12.108228317367361
2002,C19,12438.705222221943,8322.082903685196,38596.07542990017,1114.7205271010475,0.0,2.616132228019868,5.783014587329696
2002,C20,34792.42242377643,62097.76012953366,8779.624358953959,3831.9435953066522,0.0,3.3257233298416726,204.62528551952383
2002,C21,12897.49376983212,4048.9487743944933,80.34069808944635,8254.89667424248,0.0,0.7929763577953165,48.79029237583131
2002,C22,21368.344310601507,27562.018489197653,272.4653383292683,3755.566013773581,0.0,0.04238285031798386,71.20184918613472
2002,C23,22690.16762302876,18412.362145770643,5267.350083150135,6213.894828530837,0.0,0.03484561800488315,58.53953708556019
2002,C24,44570.32041014502,80709.66793547932,17727.50555652944,772.1506796315643,0.0,8.207213768357938,328.31135038542783
2002,C25,16876.758890654273,29938.201548629335,1386.1211256325125,3722.060647208293,0.0,0.0,2018.0042484240007
2002,C26,34008.6717345463,14919.559770077194,167.04892618002734,9339.624319131566,0.0,1.0952125205860384,15047.904779082748
2002,C27,20436.3671542193,23531.75792202818,559.3791094994119,9455.511521513361,0.0,0.5519545887131143,2254.960697691068
2002,C28,43380.98633292877,36782.145218200516,1326.8345424144702,1034.8224589865108,0.0,0.08080429010346801,49295.182466303406
2002,C29,22040.998129150474,13046.033294293093,381.96444090385205,1737.6327053928926,0.0,0.33552389798151155,23295.80417065653
2002,C30,8025.367203156176,5272.283915860108,124.99885551306636,4256.604192098758,0.0,0.13124503398190554,9795.21598166251
2002,C31_C32,21773.7960310944,5605.550044527336,197.9481613433944,8155.893723122823,0.0,0.0,2383.9223296648556
2002,C33,0.0,0.0,0.0,0.0,0.0,0.0,0.0
2002,D35,41191.28385029182,23426.889040076523,32295.31287981612,18569.302395904146,0.0,28.814152577274456,153.87195532696865
2002,E36,2893.032387525999,4017.401845212307,30.898416113450228,1530.925162965094,0.0,0.0,0.7925450054877528
2002,E37-E39,7271.4566028477375,4306.218506969714,360.7271226105835,1021.774658138686,0.0,13431.337252908408,527.3361831714644
2002,F,78113.09570036798,96841.23389749094,6723.462763404411,0.0,0.0,0.0,312962.4469136891
2002,G45,0.0,0.0,0.0,0.0,0.0,0.0,0.0
2002,G46,100059.91931507275,8455.938515623155,222.53241118523678,30867.023988177127,0.0,0.0,11549.825991518343
2002,G47,20699.94255565581,1749.326233592078,46.036496962844325,6385.629994943265,0.0,0.0,2389.375642953599
2002,H49,55235.104669911445,11631.286161626795,811.6481925596777,14663.690438167376,0.0,4118.2140566892795,924.820817350004
2002,H50,21790.968198981514,10361.34188855755,198.88443710060702,3811.4156359473054,0.0,12.08551865270287,1387.8706778515289
2002,H51,6588.220212168389,2222.7843028925276,47.61571744249893,562.4927218646953,0.0,0.0,606.1328649090251
2002,H52,1584.6483661611028,733.1179956415251,15.273281095910747,0.0,0.0,0.0,0.0
2002,H53,2546.9434538767564,374.76535352795855,12.227254294856193,2110.5691613154163,0.0,0.0,0.0
2002,I,32919.340266504936,3667.3259636472885,271.5774509020229,37939.73391637289,0.0,0.0,0.0
2002,J58,0.0,0.0,0.0,0.0,0.0,0.0,0.0
2002,J59_J60,0.0,0.0,0.0,0.0,0.0,0.0,0.0
2002,J61,28434.839035569563,2127.938478325475,4.5378292749275655,9942.7918362714,0.0,0.0,0.0
2002,J62_J63,4115.409822633781,120.06877172674875,63.23291480040761,233.30502262802327,0.0,0.0,2994.524449929618
2002,K64,50081.573578497395,1471.5496553543896,30.959973576418456,12839.111893468245,0.0,0.0,0.0
2002,K65,5648.43970750621,591.4875505738887,3.3485238294886206,84.50560898714765,0.0,0.0,0.0
2002,K66,0.0,0.0,0.0,0.0,0.0,0.0,0.0
2002,L68,64592.506448731976,2571.172470716727,321.95554025507016,50881.67264590712,0.0,0.0,12179.105405362894
2002,M69_M70,21905.89279969847,1282.3764111710705,48.954960004801684,4562.751085200202,0.0,836.1305389190081,0.0
2002,M71,0.0,0.0,0.0,0.0,0.0,0.0,0.0
2002,M72,3597.826295104167,527.4859029185949,84.26649920725784,0.0,0.0,5157.066128628989,1108.750221831839
2002,M73,0.0,0.0,0.0,0.0,0.0,0.0,0.0
2002,M74_M75,10389.377308373456,571.0592103792462,72.00586157192335,0.0,0.0,10784.52349622969,0.0
2002,N,618.5025805359027,65.2234084538868,6.290574437157773,45.13925305639588,0.0,0.0,0.0
2002,O84,58711.23992866394,4200.41443987065,297.80470798928843,0.0,0.0,115186.20117230676,0.0
2002,P85,48758.46394462388,5268.438513979786,753.78934299553,31658.30766452127,0.0,42185.877092344475,0.0
2002,Q,24675.997289091345,2110.9374741457596,153.80950049980572,21466.3250798508,0.0,24060.61127693658,0.0
2002,R_S,39903.41649959957,6590.3291415942185,598.9395075473878,39566.112777313196,0.0,6590.165368298426,0.0
2002,T,0.0,0.0,0.0,0.0,0.0,0.0,0.0
2002,U,0.0,0.0,0.0,0.0,0.0,0.0,0.0
2003,B,79074.37927889817,22777.25098890695,6030.2956125517785,2823.2964487783875,0.0,1.633768398654694,162.8647005607275
2003,C10-C12,61829.52242217968,6823.914299964982,696.7140024010499,96983.60319965232,0.0,0.7204767263524045,29.786031586033086
2003,C13-C15,53020.16354430619,22020.995166147077,759.0595736286089,39565.40181679655,0.0,0.48657878029049123,97.45348508222449
2003,C16,13529.178180925117,5601.662280273705,352.1121440067367,1534.6370647888762,0.0,0.009206253072731901,28.934411850162252
2003,C17,13274.93111513927,6379.808111640897,394.8104227097363,1267.8021308733757,0.0,0.007202652945446583,25.836588268130537
2003,C18,11215.802526923764,2385.4816724773877,40.69936345857455,251.41769252622458,0.0,0.0031503720521602733,14.337323244812145
2003,C19,13339.873068587905,8143.471737556494,42922.11277957655,559.5059089854882,0.0,1.0074320020806191,6.259878608172629
2003,C20,42340.57375598244,81527.01760841846,13143.11491191441,4249.141727580731,0.0,3.5803069291223935,327.6521254320247
2003,C21,14869.680667278277,4529.563365470677,107.87051281347341,8313.085158149262,0.0,0.8049140614820667,73.21975328632533
2003,C22,23202.104589519175,33365.450569420434,375.7096077384391,3625.9751043806777,0.0,0.02868312299667584,78.44740019691368
2003,C23,27014.95064041259,24803.981636902114,8541.309977098988,4340.879167334753,0.0,0.019739929466350448,54.22951300153265
2003,C24,59510.043786592396,114150.22256015442,32278.48810012806,813.1369360921645,0.0,8.976649865603408,501.3364094194711
2003,C25,18104.77376301803,33724.909320269784,1460.1345012068728,3202.883217423789,0.0,0.0,3119.0295575143646
2003,C26,42474.34773103409,19029.20906548801,254.35915379322185,8310.76225572715,0.0,0.544244240906613,8683.157505027875
2003,C27,24066.73852452487,32691.99236229465,555.1510451516301,9477.328894300215,0.0,1.0742093511176065,7768.695820780079
2003,C28,50388.07856130589,46260.85635068744,1616.900888782241,1154.0326356256578,0.0,0.09974711048934538,59422.89639985735
2003,C29,28068.404863768643,17028.394355624638,418.81946883652256,3797.5919912383597,0.0,0.9151443698462586,35527.412438617976
2003,C30,10504.073925428316,7386.616437108917,179.58160239549667,4653.8286149464975,0.0,0.315388259098847,13288.979410322285
2003,C31_C32,21350.19514065365,5884.679647505872,210.53009592122564,4589.8474190994675,0.0,0.2369752745948345,3329.8205086796193
2003,C33,0.0,0.0,0.0,0.0,0.0,0.0,0.0
2003,D35,46227.950368073245,57482.36577910498,29537.219577760374,15040.76740926731,0.0,15.717341601797225,152.82498330748774
2003,E36,3152.458538985559,3796.944359466875,42.80389840068293,1936.0569678248069,0.0,0.0018347402161865622,0.8414164920843732
2003,E37-E39,7277.152981445752,3767.399574175596,371.2492701857083,1089.6278142089475,0.0,10412.116476562313,1811.5041848303895
2003,F,90501.41435891,124573.98611292534,7504.27082396822,1555.8128982044698,0.0,0.0,362478.321369036
2003,G45,0.0,0.0,0.0,0.0,0.0,0.0,0.0
2003,G46,111814.48986900198,6981.554172068911,207.1053135601199,40895.60712958954,0.0,0.0,14286.016108537184
2003,G47,23131.674830659595,1444.3122860808357,42.845008260527166,8460.297929607948,0.0,0.0,2955.4262912006807
2003,H49,57503.9133334014,12694.514510439893,1009.9301555875624,14318.82586347747,0.0,5182.790598140145,947.698616486099
2003,H50,22173.92462697296,10329.869282737525,255.91120417554615,3825.2973348583287,0.0,272.718471650519,1409.968173527482
2003,H51,6404.161634992043,2845.3833777574678,70.58166726794953,481.9696041620821,0.0,76.97648253685666,495.22719836383027
2003,H52,4026.284602379242,2149.3529622429132,49.89123438026854,365.861146378871,0.0,0.0,109.0657114094558
2003,H53,2596.2587890765712,325.19899657016543,13.692962849871911,1717.330628173602,0.0,0.0,0.0
2003,I,37768.081776380706,3968.0196795385796,336.21458936911216,42268.36353228105,0.0,0.0,0.0
2003,J58,0.0,0.0,0.0,0.0,0.0,0.0,0.0
2003,J59_J60,0.0,0.0,0.0,0.0,0.0,0.0,0.0
2003,J61,35710.90255966335,2354.5555609472717,9.289541871576656,15846.982542433063,0.0,0.0,0.0
2003,J62_J63,5333.047421497075,209.3118604842664,63.93696844490634,389.52471472039116,0.0,0.0,6408.7093310893115
2003,K64,54343.25852142244,1343.8014387013823,28.497438721838257,14815.496264788675,0.0,533.4330824303033,0.0
2003,K65,5937.1309495533405,575.706286609381,4.985870837594698,2540.3372411097453,0.0,0.0,0.0
2003,K66,0.0,0.0,0.0,0.0,0.0,0.0,0.0
2003,L68,74576.42708074252,2562.3039792893583,288.72249637353707,53948.08564710605,0.0,0.0,18259.064928266875
2003,M69_M70,27148.866831971034,2713.264063944482,86.85354300776282,6165.291848477429,0.0,1451.919612352207,0.0
2003,M71,0.0,0.0,0.0,0.0,0.0,0.0,0.0
2003,M72,4451.174593639021,823.4908178553527,109.79934741344306,0.0,0.0,4956.017382996534,1013.0002282795353
2003,M73,0.0,0.0,0.0,0.0,0.0,0.0,0.0
2003,M74_M75,13445.012747948664,755.3936614421622,76.6608948073035,0.0,0.0,10258.82634710126,0.0
2003,N,1452.1061753948934,251.37867411010012,12.735884005031858,386.86241060432775,0.0,1006.8006658132973,0.0
2003,O84,65390.28656101949,4627.384221863941,369.2256811329958,0.0,0.0,126225.97713607064,0.0
2003,P85,51503.765417379516,4888.005013289407,652.916003681517,34857.91391946823,0.0,42582.53884974848,0.0
2003,Q,27325.699537604443,2544.7640194024934,234.28837852809835,27414.728073057486,0.0,27219.322079116282,0.0
2003,R_S,44595.8340282477,8060.928579255662,634.0179736370595,43728.14977221104,0.0,5491.564072924795,0.0
2003,T,0.0,0.0,0.0,0.0,0.0,0.0,0.0
2003,U,0.0,0.0,0.0,0.0,0.0,0.0,0.0
2004,B,92163.1719476216,30332.84832246063,9170.681135627487,2138.830078566666,0.0,1.680086309363427,282.1404037657768
2004,C10-C12,71051.51821082635,7108.619486673086,770.4430202759314,108556.73219699254,0.0,0.7131059691587608,34.02516970597723
2004,C13-C15,61142.50599451804,26560.343160142907,1005.0118503144505,41772.63500079139,0.0,0.5471870401331965,131.8753691505232
2004,C16,17482.090220791844,6732.957693859842,416.8720794487747,1743.6653743281827,0.0,0.016215595911422586,81.73430125908958
2004,C17,15039.890879252376,8050.41282703085,505.9757867885581,1049.4861664591876,0.0,0.010087215715371616,39.50121636946288
2004,C18,11760.862708421668,2827.8173743458983,53.956316806088026,237.99887696261274,0.0,0.004555753171471893,20.595947114023616
2004,C19,18682.853469439982,11461.743920043351,59651.54734167909,2201.510773654042,0.0,0.6585563098304598,10.952989493111941
2004,C20,48271.54521607795,100935.55909290942,16877.362884248218,4538.260488742017,0.0,3.208362102112497,496.1154973776407
2004,C21,16037.424279931623,5120.708950701614,129.98501005491948,7435.855663094488,0.0,0.6373640731453347,97.84886826832899
2004,C22,26405.254725669758,41997.2194461668,505.55702011106604,3540.067432694854,0.0,0.02087462162201183,95.35348920129583
2004,C23,32719.959804195965,33675.34652023466,12114.316920603813,3468.2261137899236,0.0,0.014270161919035875,65.66681819528222
2004,C24,76712.77861246435,157975.39531520355,49295.001922206,792.1828908102726,0.0,8.586438998906589,745.6157052827041
2004,C25,22452.705488312047,43334.686058079205,1788.5674729683117,3197.2694742477747,0.0,0.0,4744.961359134859
2004,C26,60103.72430094939,28461.57943933289,409.71488372944395,7122.551323017555,0.0,0.33903821505222365,10845.977311770906
2004,C27,29952.635809068637,45222.16211120601,649.0715748671149,10253.524153443374,0.0,1.1919978923997243,13932.189470020172
2004,C28,61785.0360200297,60926.464377225275,2086.316591052793,1184.0347831698373,0.0,0.10204361961233231,75592.48066718242
2004,C29,28855.926872400025,20109.711383318838,442.94355041371966,5052.547115396543,0.0,0.7840327013753932,42699.64893017503
2004,C30,11095.187200015236,8466.983494982642,207.36979126697614,4285.360705929965,0.0,0.26238032445466897,14696.084999511082
2004,C31_C32,15663.184191442073,4357.45488917781,155.29071174262876,182.94060268826533,0.0,0.08964416909510868,1995.7244994164057
2004,C33,0.0,0.0,0.0,0.0,0.0,0.0,0.0
2004,D35,58478.387231211214,93683.09290214987,35589.81070782483,15665.24849466087,0.0,13.004542133563577,217.59652446148414
2004,E36,3872.5284453558515,4409.176203190471,54.64282237418895,2526.543462752685,0.0,0.0026789739761558778,1.485369709247914
2004,E37-E39,8125.35825440038,4188.387385734601,391.7513843241623,1200.6968440476091,0.0,8782.191401761173,3601.3579283095773
2004,F,105042.58527634703,152584.3635315001,7991.891937005498,2827.6206321936083,0.0,0.0,420061.14591586305
2004,G45,0.0,0.0,0.0,0.0,0.0,0.0,0.0
2004,G46,124672.31163552229,6647.668112619711,173.82988189196843,47804.99945587412,0.0,0.0,16960.722355489983
2004,G47,25791.64271570004,1375.2394397168382,35.961137147310936,9889.680858254547,0.0,0.0,3508.757099267125
2004,H49,66637.94374388937,17563.782016544694,1283.511008263042,15269.408643814946,0.0,6363.580313677075,1113.9955749905432
2004,H50,25084.74530463742,12858.592116573675,292.98320535692005,3883.3110444502263,0.0,471.9818265424185,1534.0508962192453
2004,H51,6878.65703736904,4297.088979754824,93.49549771038896,263.5597940566112,0.0,62.43921909619686,460.0937520096239
2004,H52,7502.766178882664,3935.1883427693333,86.15524278434876,756.8190902185478,0.0,0.0,244.29342589147217
2004,H53,2942.638627114387,373.73144182723337,15.543829927158804,1481.7074950957956,0.0,0.0,0.0
2004,I,44277.71291207078,4903.156006788415,395.1655389334231,47717.7606053172,0.0,0.0,0.0
2004,J58,0.0,0.0,0.0,0.0,0.0,0.0,0.0
2004,J59_J60,0.0,0.0,0.0,0.0,0.0,0.0,0.0
2004,J61,47218.121643346276,3332.985646211743,15.80051057069677,24335.61158902361,0.0,0.0,0.0
2004,J62_J63,7273.20996932892,335.97156604920895,60.29916873147414,1049.6564704525654,0.0,0.0,11323.919412457963
2004,K64,58925.8819815949,1381.2767948692094,23.946499492960303,16232.39436762821,0.0,803.0499457901668,0.0
2004,K65,6230.961187418969,659.4033775167617,6.067078412967687,4291.104060192288,0.0,0.0,0.0
2004,K66,0.0,0.0,0.0,0.0,0.0,0.0,0.0
2004,L68,86676.38371117052,2848.4436134977427,232.18966956674382,57862.02167432058,0.0,0.0,25620.319886829937
2004,M69_M70,35408.90092213766,5106.694975119556,142.4660450614116,8615.975429791297,0.0,2236.474149410521,0.0
2004,M71,0.0,0.0,0.0,0.0,0.0,0.0,0.0
2004,M72,5794.852422643674,1332.911085508939,144.73138059089183,0.0,0.0,5207.367369649865,939.6591537278482
2004,M73,0.0,0.0,0.0,0.0,0.0,0.0,0.0
2004,M74_M75,18312.419687337853,1155.4094330379328,86.95913555851449,0.0,0.0,10446.59462824145,0.0
2004,N,2829.755607269147,610.1271581700446,25.409454480336393,1099.3606744927831,0.0,2686.0497425341932,0.0
2004,O84,74198.92488399996,5766.0316440189845,434.35148691561506,0.0,0.0,140543.7809315833,0.0
2004,P85,59110.93140800002,5674.660244955309,592.0329070587211,40997.88379451271,0.0,47254.9949161027,0.0
2004,Q,31662.894077999976,3913.6852270663917,366.1244812503288,36322.86800061484,0.0,32782.56438334469,0.0
2004,R_S,42584.96209600002,8628.562163212142,557.4659361785782,40722.41945860389,0.0,3860.8904751548594,0.0
2004,T,0.0,0.0,0.0,0.0,0.0,0.0,0.0
2004,U,0.0,0.0,0.0,0.0,0.0,0.0,0.0
2005,B,125934.07857458104,48759.1782079987,18971.68996907799,1917.6172569688165,0.0,2.4389678110752513,636.6860231185768
2005,C10-C12,83644.54299821839,9201.61568532455,1231.3044074585182,127047.54426765794,0.0,0.7646098028240291,43.55059249260762
2005,C13-C15,71104.43793314608,34816.52449769719,1671.4827912201356,41562.26385621701,0.0,0.5332702934894243,138.53086917458322
2005,C16,17440.401470222878,7844.689577339417,573.6970554023403,1506.028144984355,0.0,0.015005123669796325,100.99314331332867
2005,C17,15281.35163071847,10796.370930441584,820.6237537785041,711.539868381509,0.0,0.01041007119224491,47.44502433263942
2005,C18,11051.7578758992,3794.4211891947193,95.97618163181943,199.27165772935217,0.0,0.004832152833320396,23.86004414812596
2005,C19,24635.119747139375,12160.719406772641,78390.19529668606,2345.5118358112327,0.0,0.40704890340798716,13.165262757478095
2005,C20,58557.81241469211,136673.84553823472,28113.929074630574,5176.323749425841,0.0,3.3681201757439205,751.1144734326491
2005,C21,18375.407785266285,7023.804838969037,225.61144682779124,5259.335285129114,0.0,0.5017228895236626,111.41783858429581
2005,C22,26705.589753365242,51120.716530807505,789.7044081748808,2954.180765843105,0.0,0.01379524447852895,93.17856456898703
2005,C23,39559.10617789278,48681.26375869508,20780.507812601787,3056.3758258658586,0.0,0.01402531442041472,95.1881087280869
2005,C24,92508.89573493905,204146.8309015448,77959.60123156657,830.3232767378703,0.0,8.9821801422094,1125.186416778749
2005,C25,24947.231188083817,51819.152334985556,2407.479198331607,2827.8317623361822,0.0,0.0,5464.0464578613
2005,C26,70063.08995025614,43467.2704487055,782.1448922903811,6028.288600809742,0.0,0.17789777741674181,8827.239557899708
2005,C27,37811.48915147412,63802.34054789839,996.7487331296603,10942.178449348614,0.0,1.245399226898065,20640.49131335635
2005,C28,66654.79493915557,77743.78247760565,3125.692872283637,1171.380121516995,0.0,0.0885027141126085,88841.05718535194
2005,C29,32144.765561879456,27097.361369700164,671.0300861032503,6650.082421064566,0.0,0.7744512030598589,52401.03932379329
2005,C30,12694.907911595215,11259.185433344588,335.12942785049654,4573.304316858925,0.0,0.26042947731474325,17471.23528362309
2005,C31_C32,30559.329379931965,8742.873359974905,368.3055926396072,1201.801806745314,0.0,0.25915326452135734,5785.439989380112
2005,C33,0.0,0.0,0.0,0.0,0.0,0.0,0.0
2005,D35,69957.79461951814,130510.85138726808,51948.808596228686,16380.899198102135,0.0,11.865363293355328,319.19027758939865
2005,E36,4499.266188516118,5071.814397779084,83.3284067672805,2909.242198194403,0.0,0.002917071415596204,1.6995043963653722
2005,E37-E39,8470.488051707522,4274.182919546232,465.34498862255185,1183.1552607209142,0.0,6696.591163147389,5169.65035903074
2005,F,126533.07561757352,186428.92177099807,10015.739475998416,4004.0918205116673,0.0,0.0,476962.19448270195
2005,G45,0.0,0.0,0.0,0.0,0.0,0.0,0.0
2005,G46,141238.40797895443,4326.680470767312,124.47073548634326,46120.233129204316,0.0,0.0,16349.560774783056
2005,G47,29218.761636321124,895.084045334066,25.74994157455661,9541.144689663945,0.0,0.0,3382.3229932001555
2005,H49,76008.47070102161,24335.825342866305,2196.056374245651,16912.880884121074,0.0,7632.786771441363,1310.027115857216
2005,H50,27893.52339061146,15564.760212933537,490.6924034286403,4204.30199153866,0.0,675.9716237471935,1708.7791295673333
2005,H51,7207.929277345126,5977.96324621812,176.22269159274092,1058.0146601891888,0.0,291.1324602307472,348.4935249256952
2005,H52,11892.548006169125,6685.146820692233,200.5884841209328,1329.9862131088212,0.0,0.0,448.48840197429223
2005,H53,3278.8291731862,439.9137485100432,22.845203786841477,1197.1228053775828,0.0,0.0,0.0
2005,I,51208.721154127226,6276.208217295135,590.6446013214924,53153.018300764306,0.0,0.0,0.0
2005,J58,0.0,0.0,0.0,0.0,0.0,0.0,0.0
2005,J59_J60,0.0,0.0,0.0,0.0,0.0,0.0,0.0
2005,J61,55255.614260130125,6083.567945877145,44.61570257850618,36562.33100979317,0.0,0.0,0.0
2005,J62_J63,8775.5955116909,565.484881792839,68.87390092078712,1841.366495620268,0.0,0.0,17907.512602982577
2005,K64,67397.9712838195,1681.7776642126362,31.710931552580675,18927.394047263308,0.0,1030.8701809946435,0.0
2005,K65,6891.742534812995,804.2916677365414,10.722444886809711,6027.728402731983,0.0,0.0,0.0
2005,K66,0.0,0.0,0.0,0.0,0.0,0.0,0.0
2005,L68,103943.0579947503,2931.9213955529185,196.55696851845877,63583.17351114906,0.0,0.0,33437.303138983836
2005,M69_M70,40854.06219381716,9703.990383025368,321.5069201573271,11548.696798461147,0.0,3094.3014219823376,0.0
2005,M71,0.0,0.0,0.0,0.0,0.0,0.0,0.0
2005,M72,6673.179051879811,2439.9841229250856,272.3425675280813,0.0,0.0,5728.041138463691,768.1277061125039
2005,M73,0.0,0.0,0.0,0.0,0.0,0.0,0.0
2005,M74_M75,22067.495052350572,2153.410078487176,150.70265278879265,0.0,0.0,10989.462505195546,0.0
2005,N,4396.221494132252,1473.507755487332,71.1851969355315,2501.2242477878426,0.0,5552.395665725539,0.0
2005,O84,86560.78701373932,6874.246800952878,612.8656069811888,0.0,0.0,160838.38992696413,0.0
2005,P85,71699.07297632986,6175.22060749827,611.9541798358775,48690.22967832763,0.0,53033.04910764119,0.0
2005,Q,37197.38745347016,8290.511511172157,979.1379470202977,58027.912722850124,0.0,47812.12906734699,0.0
2005,R_S,54730.37536456714,11404.916647935383,701.0444564793984,46325.271078873935,0.0,5268.609258174844,0.0
2005,T,0.0,0.0,0.0,0.0,0.0,0.0,0.0
2005,U,0.0,0.0,0.0,0.0,0.0,0.0,0.0
2006,B,151552.98920107126,60032.94140379082,23855.811636435126,853.4428959447662,0.0,2.5676877686493706,702.577703586336
2006,C10-C12,96056.85005409566,11309.727863583883,1513.8714614095115,148677.68860143196,0.0,0.8676669040870866,44.13971049130779
2006,C13-C15,85356.6971319739,43048.819902730094,2136.0593521803257,45777.31072814286,0.0,0.6121134599699242,139.79283835312071
2006,C16,23364.931549470028,9837.482559821412,703.9922668796055,1521.15498322091,0.0,0.019451654970035714,131.4488368831204
2006,C17,18247.25747515469,12471.5746737249,944.3241009751248,525.0752578301838,0.0,0.011942323691112533,49.38301396186684
2006,C18,12193.012256478778,4058.390268897356,108.06598416059185,172.31746050245815,0.0,0.005189639642965749,22.205325890885522
2006,C19,30899.7808234498,16370.464752646629,100600.69475558854,2807.5404427501694,0.0,0.3142283194049934,14.75163187279406
2006,C20,67549.53474213617,163615.96005159404,33691.29281544772,5215.336483011277,0.0,3.2802970449973388,752.347299662986
2006,C21,19985.78161620917,7787.589961863288,254.80879587527738,5618.011350433399,0.0,0.5257201534055042,120.33473632733369
2006,C22,31367.355768031706,62732.76554410968,1002.3455967851212,2915.6302727280363,0.0,0.01265882522786365,89.413860286328
2006,C23,53574.88003523025,65205.6349606203,27654.351109124604,2357.8605575666297,0.0,0.014131837719596849,100.07848851756395
2006,C24,112031.4937906075,248315.66721494452,99908.09888972653,739.0913348930885,0.0,8.698785505622046,1113.0775314668022
2006,C25,32673.60765739985,68012.20904049286,3161.713761998962,3068.7156103175485,0.0,0.0,6952.469254573096
2006,C26,85105.22466136143,49475.81616421515,921.9670522001204,5902.125042470003,0.0,0.07366186457429481,3871.7343873252335
2006,C27,43562.20576168975,80079.25856025,1214.1468278485045,12500.215571308741,0.0,1.4245661173195816,24779.72631444608
2006,C28,83964.2300576135,94893.63795410102,3884.4989344126407,1409.0230001745028,0.0,0.10580948941620032,101424.61805303366
2006,C29,39001.00363222057,32233.914571203193,779.6931724754323,8721.976622210273,0.0,0.9703360642583596,62891.055418156786
2006,C30,15815.446192181542,13202.81015511863,404.0805874491137,5623.917859874252,0.0,0.3255649602742881,19230.956904580304
2006,C31_C32,42459.79030092505,12279.63525621951,522.5754585822891,1282.2207534771244,0.0,0.4258318217083983,8741.447219433125
2006,C33,0.0,0.0,0.0,0.0,0.0,0.0,0.0
2006,D35,86201.07741314647,177285.14104572785,61714.19516483193,17436.600402911856,0.0,12.052549780516506,354.27514926534434
2006,E36,5384.814859610654,5495.1055040848705,90.69816972928028,3331.465032220556,0.0,0.003136708994090253,1.6721438528915822
2006,E37-E39,8946.846724757705,3930.4746662532293,382.5629134655267,1091.3339130975307,0.0,4861.013157694857,5693.04402948265
2006,F,155638.65445466476,249925.52347297288,12276.15643374731,6514.661839677935,0.0,0.0,612203.2700780911
2006,G45,0.0,0.0,0.0,0.0,0.0,0.0,0.0
2006,G46,171800.2805733151,6496.3121733593,153.67609013496633,63908.96107134328,0.0,0.0,20436.794786136823
2006,G47,35541.26330758961,1343.927616084381,31.791813417235105,13221.195358923726,0.0,0.0,4227.871206920711
2006,H49,87857.09893900367,27899.905499719556,2271.967328359235,16617.348633130627,0.0,7996.594928969759,1222.4988247712522
2006,H50,31385.324417837855,17100.93180769384,487.9978669822784,3656.2393323064753,0.0,716.646340245449,1376.374749475215
2006,H51,7571.207236638249,7409.364755573251,194.1206067926112,969.0075073784027,0.0,289.1661547394295,237.7677754500928
2006,H52,17720.64547475686,9313.295535268273,260.3956618902189,1721.564567740005,0.0,0.0,541.134841481039
2006,H53,3697.4724643767277,433.34013146375094,20.717504150185377,813.9097177753923,0.0,0.0,0.0
2006,I,60112.444060152484,7375.938289883503,647.2098314134149,58778.72873053868,0.0,0.0,0.0
2006,J58,0.0,0.0,0.0,0.0,0.0,0.0,0.0
2006,J59_J60,0.0,0.0,0.0,0.0,0.0,0.0,0.0
2006,J61,66995.35331610245,5438.157619842046,41.38438504277717,39618.03126472538,0.0,0.0,0.0
2006,J62_J63,10966.714808782288,594.8885115006995,34.90434735153243,2131.8729685069698,0.0,0.0,19230.95339876684
2006,K64,92451.97716472554,1844.5116590300752,28.17706388382521,23432.705631940975,0.0,1330.2652128878972,0.0
2006,K65,9133.190965928592,1105.0324320556063,14.488885125926993,8993.132922438777,0.0,0.0,0.0
2006,K66,0.0,0.0,0.0,0.0,0.0,0.0,0.0
2006,L68,130074.55561820722,3475.916325449728,136.69694653418009,76490.62714445064,0.0,0.0,41167.49257839412
2006,M69_M70,48814.64861633723,11228.708448211224,346.4173320355637,10536.415362211337,0.0,2876.8820243372415,0.0
2006,M71,0.0,0.0,0.0,0.0,0.0,0.0,0.0
2006,M72,7957.430793426477,2551.2674245340845,251.59438125843138,0.0,0.0,4974.746374825365,321.9272913152993
2006,M73,0.0,0.0,0.0,0.0,0.0,0.0,0.0
2006,M74_M75,27544.2814499926,2182.804716369794,117.79416719051635,0.0,0.0,8982.500518574065,0.0
2006,N,6670.701066717133,1883.369181126309,86.44020180452534,3831.7674715234357,0.0,7871.895247289696,0.0
2006,O84,110835.70648000002,9160.599562441577,753.0848151308495,0.0,0.0,202124.8556323079,0.0
2006,P85,80361.71960000003,7781.556879617377,586.6199686238572,57295.39744022577,0.0,60123.464243771414,0.0
2006,Q,41719.861359999995,8385.90521433702,968.7875712872398,62974.823727732684,0.0,48466.545898109456,0.0
2006,R_S,61512.7618986322,12823.39636116051,652.1927414235806,49799.8469742006,0.0,5106.3486387750945,0.0
2006,T,0.0,0.0,0.0,0.0,0.0,0.0,0.0
2006,U,0.0,0.0,0.0,0.0,0.0,0.0,0.0
2007,B,176990.73862054263,74315.760695549,25928.975837316895,1161.7017539010199,0.0,3.240191086361291,581.3653530230937
2007,C10-C12,123539.89276559741,15288.782774374167,1754.9928804222056,198968.9920484384,0.0,1.534477980050403,53.4459938641751
2007,C13-C15,107422.16594705822,56304.46504153964,2392.1489307334555,60126.701811612584,0.0,1.0665512684390095,147.8266077924827
2007,C16,31375.030201577272,12408.343500953946,735.2607455559752,1777.2687773142316,0.0,0.034662696854136726,161.7142029625955
2007,C17,21807.243219887645,15044.685101484209,956.2291963172879,397.31136838382383,0.0,0.018248717693387956,45.786432273762415
2007,C18,13446.476811258943,4557.304155736806,103.93582480056028,156.08259083436084,0.0,0.007060349138771878,17.714570585341708
2007,C19,45053.56687416045,29012.186670776486,144858.81534850213,4082.1819347148407,0.0,0.40369784710990836,17.314295041651153
2007,C20,88825.74675822833,230362.37936679274,39743.94784702365,6832.034823286151,0.0,5.372883679226544,841.0685277374471
2007,C21,24730.908320250463,9995.626246526994,275.30841885135857,7157.9659576524555,0.0,0.9069999074615159,141.98131252610253
2007,C22,37651.730777529774,80393.00874205555,1079.8527761375894,3408.80941541801,0.0,0.01684700770211608,80.81623517791029
2007,C23,75221.43770407252,93053.63736275953,33938.07432847365,1952.1590648097226,0.0,0.02130727477074618,102.21243791897179
2007,C24,143233.7137760078,333323.8108171217,120463.15722696249,860.3553594032896,0.0,12.772196053375437,1082.560293679394
2007,C25,44271.80620101639,93040.00711426533,3720.3881967368516,3771.283870872929,0.0,0.0,8184.584567651611
2007,C26,101630.30191075947,56889.74601590755,926.4241533437678,11501.785484241418,0.0,0.0016120968451958987,29573.808061822197
2007,C27,55568.23371532353,112513.80476589504,1401.7109577996769,17685.508170025318,0.0,2.6770862219532536,30995.215406634343
2007,C28,109473.41343097572,121419.087408802,4295.812478749133,2143.948008810542,0.0,0.17802640139721265,105042.28317588831
2007,C29,54458.62890216186,43468.91206638273,864.8269810637531,14416.765172989819,0.0,2.062988797813319,77142.63701739164
2007,C30,22668.96339649735,17808.601203351558,469.3558899307324,8366.91939907833,0.0,0.6864941393244,25966.597401652863
2007,C31_C32,49671.13962310907,14738.184418123281,535.9827825685902,7484.632810386198,0.0,0.6180029493857215,7302.609119988249
2007,C33,0.0,0.0,0.0,0.0,0.0,0.0,0.0
2007,D35,110085.7185418052,248013.9888026617,69699.66050994594,20410.77311392656,0.0,17.662791875249436,357.4855788587195
2007,E36,6680.087269558132,6098.883241746105,87.74416338015271,4024.613418941164,0.0,0.004473632801671969,1.4006775650574883
2007,E37-E39,9582.985329847697,3346.8235845398526,241.77192175442184,992.4017060043126,0.0,4101.50785283416,5080.654171890084
2007,F,201128.84738761125,350864.08338254597,13754.544761176014,12233.24477247691,0.0,0.0,821475.5157798387
2007,G45,0.0,0.0,0.0,0.0,0.0,0.0,0.0
2007,G46,228114.10292933515,10610.601951363375,172.2343967529275,100794.1122604888,0.0,0.0,25264.63746301877
2007,G47,47191.211616946515,2195.0732354808733,35.63107144701676,20851.828965670546,0.0,0.0,5226.633653928719
2007,H49,108668.41911451056,34334.43771952732,2098.9875016925744,18191.12198044978,0.0,10917.927533901222,1082.2338559642135
2007,H50,37727.13257184275,20021.95968840601,394.48917301457453,3600.666865856277,0.0,974.8358451558449,1066.224279769404
2007,H51,8394.56502889185,9746.33547898273,171.6436691807818,1048.1161949908128,0.0,388.7516872886957,165.271480191553
2007,H52,26988.837628368277,13607.965719181726,272.3806121014421,2327.8884496632973,0.0,0.0,588.167279235646
2007,H53,4455.327342594333,445.5741876146899,16.084525657995684,558.9263616607788,0.0,0.0,0.0
2007,I,72950.48219349608,8742.908795096915,628.1844054652645,68837.19879480991,0.0,0.0,0.0
2007,J58,0.0,0.0,0.0,0.0,0.0,0.0,0.0
2007,J59_J60,0.0,0.0,0.0,0.0,0.0,0.0,0.0
2007,J61,84638.32022798936,4827.619513213495,31.870103038626123,45817.66913231318,0.0,0.0,0.0
2007,J62_J63,14275.389517252213,664.8336609590914,7.63304563871184,3091.0918136245386,0.0,0.0,20408.78697602629
2007,K64,148102.0549014343,2269.5008093754236,23.028211635170738,34991.9466672397,0.0,2394.7460840405006,0.0
2007,K65,14120.679699122453,1808.7207798529153,18.13818068934063,15382.607265756358,0.0,0.0,0.0
2007,K66,0.0,0.0,0.0,0.0,0.0,0.0,0.0
2007,L68,181580.21091957038,4633.214513192557,62.18161259533371,108127.94496256295,0.0,0.0,50238.76443866751
2007,M69_M70,60743.41775214092,13873.71483834105,327.63999475908764,10381.562244617957,0.0,3392.448830325789,0.0
2007,M71,0.0,0.0,0.0,0.0,0.0,0.0,0.0
2007,M72,9881.0100033099,2803.220140455928,211.3305398703874,0.0,0.0,4379.842510134939,0.0
2007,M73,0.0,0.0,0.0,0.0,0.0,0.0,0.0
2007,M74_M75,35813.08057020363,2390.6152360871706,83.81887199249523,0.0,0.0,9508.917402460798,0.0
2007,N,10153.599193009806,2417.9840629137902,89.72810391252708,5208.220360082541,0.0,11879.366401422576,0.0
2007,O84,142406.11073173585,12505.816536637984,808.4908298156894,0.0,0.0,255735.74156965237,0.0
2007,P85,101155.74457352118,11187.514571562499,553.4521727582728,70423.81476869714,0.0,85114.24041279878,0.0
2007,Q,52775.81814297681,9578.066601199054,904.941123720993,72274.34319909783,0.0,62145.742211682256,0.0
2007,R_S,73997.84140331231,15781.321414282533,557.7444196230485,59951.56861077971,0.0,6310.828005074639,0.0
2007,T,0.0,0.0,0.0,0.0,0.0,0.0,0.0
2007,U,0.0,0.0,0.0,0.0,0.0,0.0,0.0
2008,B,282604.9417402625,99365.56332887287,63312.11309210147,1008.4323907224731,0.0,6.970121770574116,1556.055169204632
2008,C10-C12,169234.65495600252,17682.971368580875,2892.267728630316,266526.60297056916,0.0,2.0892823205442768,134.52046659757826
2008,C13-C15,130727.92335395876,61432.33626481133,3337.634996835278,79968.88686079466,0.0,1.1587612239134584,188.9081499717105
2008,C16,36922.832923914546,13838.513778342776,1028.0191530583854,2347.017570945857,0.0,0.029210018921468014,322.92300874145667
2008,C17,26554.93236918124,18004.121546486196,2025.2771776643008,727.1821258577696,0.0,0.17742658042880577,94.52868198911736
2008,C18,16546.434832850955,5355.315038463444,179.4773132414912,260.31172831543336,0.0,0.07361933518524623,38.227733483498945
2008,C19,55526.09217582025,29637.728562475735,191291.97006537594,2558.8410275223673,0.0,0.7791080993274792,36.86011606396256
2008,C20,118443.43529865248,300502.9504581144,60748.957646651295,9038.862741974664,0.0,7.250750797729715,1412.9813683243694
2008,C21,33447.81439315217,12345.031684376181,549.763311893819,12002.796048000262,0.0,1.2219819452899092,242.91732775782017
2008,C22,47795.94258288364,99119.75226153946,2142.0237454330495,3663.54884678171,0.0,0.03917437990818509,191.86349694889338
2008,C23,94816.00531439415,111271.1365114766,53481.56081379052,2575.857117267228,0.0,0.04879216937749417,240.11348128103484
2008,C24,198302.4298912279,437637.8718482214,210721.42089663484,1585.1107941177486,0.0,18.459249156450998,2629.5913746078504
2008,C25,55799.28293704653,117078.12467511733,5944.506895744797,4267.447205054465,0.0,0.007641738909222794,13911.082221045828
2008,C26,115913.67578568263,64992.36578426747,1455.4704888843476,14201.106647388498,0.0,0.045485669393954736,34531.3494906515
2008,C27,81407.81173212414,162505.28507256098,3128.683829944058,26165.266329032853,0.0,3.8008114674561684,53486.36454144549
2008,C28,145906.5917949245,153026.906208795,6972.717272388951,3240.030702972161,0.0,3.240766530292408,160256.54895598165
2008,C29,73050.38912463319,58045.631079979445,1537.0752428702117,23166.220166599076,0.0,2.6162191859183443,115618.03992814467
2008,C30,28981.861782089174,22903.47511647167,784.9797805537388,9645.768823841068,0.0,0.8499512562259917,38745.369708178645
2008,C31_C32,46882.94306063038,14523.866751750884,782.4505009151588,6071.456277159481,0.0,0.6035518111515812,5669.730953189627
2008,C33,0.0,0.0,0.0,0.0,0.0,0.0,0.0
2008,D35,102057.8143998651,195683.31619799926,98701.59634486842,24400.214519277455,0.0,21.888035525491162,393.2927042973341
2008,E36,6159.163026040543,5110.663802619083,118.4362641566738,4407.327401795922,0.0,0.12187302047652505,6.391452004006279
2008,E37-E39,8273.683192377377,2927.1503249831444,287.81508114371826,884.1011095780191,0.0,3284.851180303988,3602.0249194430953
2008,F,269845.8503999997,463137.4439503052,20971.342424868417,10165.99344269865,0.0,0.0,1095737.0148771438
2008,G45,0.0,0.0,0.0,0.0,0.0,0.0,0.0
2008,G46,312333.0816861023,12326.917652039183,305.88021507831195,114279.42053632432,0.0,0.0,33927.723118273396
2008,G47,64614.05219381739,2550.1368415011825,63.27911284955986,23641.608733994486,0.0,0.0,7018.81363620115
2008,H49,138490.92880112174,40523.02486917683,2722.165078689781,25227.71518425131,0.0,9568.339713524547,4502.04460619367
2008,H50,40475.47735051443,20755.493775417617,656.4257905888192,3581.070297541092,0.0,881.9584126146643,1441.0330655172786
2008,H51,10666.720779008549,11337.733306920692,338.7563980811051,1248.0259678412635,0.0,290.7193805618671,154.3442701630344
2008,H52,32485.96251218482,14960.999294112993,447.14181678334563,2706.877225509037,0.0,40.0226255281005,914.604496062417
2008,H53,6395.951040932946,550.7062117826036,27.917621429578176,928.0779064965757,0.0,0.0,0.0
2008,I,95251.57834003828,9005.523894970704,839.399611788052,95791.53826745352,0.0,0.0,0.0
2008,J58,0.0,0.0,0.0,0.0,0.0,0.0,0.0
2008,J59_J60,0.0,0.0,0.0,0.0,0.0,0.0,0.0
2008,J61,100274.37839879887,4144.861799738105,60.58140264538349,53629.08332692808,0.0,0.0,0.0
2008,J62_J63,20527.055913856268,940.9116437388694,16.271388842972083,1374.5256431194996,0.0,0.0,36371.40294551725
2008,K64,196175.30653504992,2298.0217047243323,51.99282947939108,39061.5180306369,0.0,2633.349376969734,0.0
2008,K65,17810.910849661603,1630.890765214371,35.3249391419825,20092.829802543703,0.0,0.0,0.0
2008,K66,0.0,0.0,0.0,0.0,0.0,0.0,0.0
2008,L68,212193.05404233292,3507.2408278736557,82.10197157033325,123507.23232539985,0.0,0.0,59335.969259406746
2008,M69_M70,79475.94546601902,17819.77078093457,543.8436302134112,6468.956488878383,0.0,2231.458806832102,0.0
2008,M71,0.0,0.0,0.0,0.0,0.0,0.0,0.0
2008,M72,13366.609124768875,3293.522549859887,232.50677379083663,0.0,0.0,4772.346669198149,0.0
2008,M73,0.0,0.0,0.0,0.0,0.0,0.0,0.0
2008,M74_M75,48504.968986936554,5660.8623300703175,170.54406907157733,622.363038987546,0.0,13354.912905105015,3407.3884420772006
2008,N,14515.88728998915,3399.270026325828,123.5456128051556,5757.4050968880865,0.0,16827.664165946386,0.0
2008,O84,198444.18355505937,15802.937232352517,1270.6823364824372,1951.5573620692958,0.0,347403.22263747477,0.0
2008,P85,127952.87995695682,13195.730937554474,942.638746462952,93277.19285466439,0.0,102780.10185838555,0.0
2008,Q,66640.07996284831,10023.660203407311,1431.5628157512547,103588.15534010735,0.0,69643.88237912446,0.0
2008,R_S,94306.78129911271,18738.32321299218,843.1371317517495,79419.34012391751,0.0,7017.6950748667405,0.0
2008,T,0.0,0.0,0.0,0.0,0.0,0.0,0.0
2008,U,0.0,0.0,0.0,0.0,0.0,0.0,0.0
2009,B,244840.54607849653,92230.84695992564,55345.71085789797,862.0831035066575,0.0,3.98128465065398,1435.7279087991408
2009,C10-C12,184604.07220974445,16580.074179304258,2065.102429785895,281680.54589893663,0.0,1.706443757688671,198.9923510285086
2009,C13-C15,145552.6868398296,55564.08351867266,2230.0300460834687,95686.48558105325,0.0,0.900210290516994,227.5803375401415
2009,C16,50545.027175053525,16706.49605436356,897.2340249828914,2950.8410181348186,0.0,0.024787966080759616,627.1027738184397
2009,C17,31261.169462945396,19537.959283549557,2031.1022874883674,1065.4042191043832,0.0,0.3275074974383367,166.4764736155184
2009,C18,19683.61664429923,5539.631338781023,145.5068458149087,396.4903014587975,0.0,0.1482584377320186,74.28091943895168
2009,C19,60602.92578266303,41910.57434113584,194968.74268554643,7280.0192270210155,0.0,0.8335951293199624,50.912286204489504
2009,C20,121185.0273684766,312255.2304170048,44881.5198177376,8707.433932826683,0.0,5.407774545261571,1639.8793922620466
2009,C21,34706.66035988416,11809.992205114417,428.2387916817728,12413.94867240003,0.0,0.9294483466582674,288.31880412988784
2009,C22,54189.80365490143,105012.6331519497,1915.8830072749765,3377.0263921442292,0.0,0.050780328064832146,335.27486477395433
2009,C23,121372.87203151744,150922.59925949894,52811.5230935883,2974.7338028209538,0.0,0.07076740233983939,468.2453057760617
2009,C24,179495.00494597788,399786.57400577405,165828.79656088224,1424.0916231332308,0.0,11.159233646444452,2966.37635722357
2009,C25,66226.60218167173,127689.53610457557,5354.493820314786,4470.262704107022,0.0,0.014215337757317812,21624.242231602373
2009,C26,108235.98538102112,55966.3585272038,948.7087226663696,13404.087225408097,0.0,0.06340622808334824,5972.483877456823
2009,C27,77700.66029471467,142990.3528097915,2502.097359261025,23509.540519596536,0.0,2.0754832379878745,57192.246260140564
2009,C28,168937.9532092293,152515.0112574801,5567.952824705614,3783.3754059906514,0.0,5.523909026040695,225992.3442021339
2009,C29,101439.40606272726,66575.59257064975,1399.8562629815146,33527.05765297855,0.0,2.992666041945918,177299.16019449514
2009,C30,38318.3833075693,26232.731493703235,714.5715638235421,11358.728671647677,0.0,1.0052684688055187,61198.30061175716
2009,C31_C32,47889.72493667117,13258.898218670562,623.1259876315333,6982.740726932365,0.0,0.6239595438377632,7070.717811147289
2009,C33,0.0,0.0,0.0,0.0,0.0,0.0,0.0
2009,D35,108260.71612058305,214363.34501461298,93573.95642620377,26020.026547010126,0.0,23.15966455584822,531.9080686604755
2009,E36,6498.060493020044,4863.733708029229,80.0334221579017,4820.525979572496,0.0,0.19448443031564266,13.103039763294735
2009,E37-E39,8136.053421039754,2733.3702063430146,202.6284523300658,833.1346802334141,0.0,2838.210659839661,2863.2472124967144
2009,F,327880.74514215137,547759.5501429908,16736.995512635855,6541.077641880878,0.0,0.0,1330267.19823933
2009,G45,0.0,0.0,0.0,0.0,0.0,0.0,0.0
2009,G46,351555.16679404845,11884.315840224144,198.81717079750894,107933.04281103564,0.0,0.0,41244.90773781396
2009,G47,72728.13937482939,2458.5733937672476,41.1303951896878,22328.69856668168,0.0,0.0,8532.559523042395
2009,H49,149304.4029163761,39957.66210939509,1632.874099321676,27068.122818697277,0.0,7291.516183176448,7648.385051183749
2009,H50,36024.77144932081,17063.44872840856,392.5253684168887,3244.426427371631,0.0,745.9606821521252,1906.1673373454016
2009,H51,11467.948595433818,10586.098448098659,234.6400177859891,1543.7603015505827,0.0,247.89070406600794,180.50104273461787
2009,H52,33111.472561492476,13726.70307397976,289.2923057594401,2555.3151455869784,0.0,59.58383244674652,1184.9316861815494
2009,H53,7613.814524263397,556.4555130775391,19.92305732419992,1161.7219976833426,0.0,0.0,0.0
2009,I,104197.86548744411,8143.6857617352325,485.9869549832245,106555.91540796569,0.0,0.0,0.0
2009,J58,0.0,0.0,0.0,0.0,0.0,0.0,0.0
2009,J59_J60,0.0,0.0,0.0,0.0,0.0,0.0,0.0
2009,J61,102383.45741765009,3738.8911742967143,41.235657193940376,52427.81356265675,0.0,0.0,0.0
2009,J62_J63,25322.707283234548,1054.4206666440575,14.181247710076727,418.1587195635188,0.0,0.0,49124.6381673566
2009,K64,239429.58468386612,2497.756502512119,45.92193850066434,39998.22392777815,0.0,2599.905421104029,0.0
2009,K65,20656.793940167157,1204.0026907675383,22.3148878567538,22665.565267601418,0.0,0.0,0.0
2009,K66,0.0,0.0,0.0,0.0,0.0,0.0,0.0
2009,L68,273075.7176214313,3188.575794897301,58.93925134688304,149041.74872830784,0.0,0.0,83513.59134859467
2009,M69_M70,90215.77484600699,18575.9241652465,394.8756951416197,4144.827790375787,0.0,1511.8121009015376,0.0
2009,M71,0.0,0.0,0.0,0.0,0.0,0.0,0.0
2009,M72,15652.180838253005,3445.6120126460537,147.60705944435156,0.0,0.0,4671.406625463861,0.0
2009,M73,0.0,0.0,0.0,0.0,0.0,0.0,0.0
2009,M74_M75,56860.810235729215,7920.872699344026,165.9523356089073,987.3641678177902,0.0,14048.751079763082,6288.82782791735
2009,N,17823.30613573441,3935.519747435238,89.41543801574934,6151.662321844431,0.0,19905.672876197525,0.0
2009,O84,221942.06156614012,15637.542163901124,829.4478650384314,4104.3999137970795,0.0,378527.12630509515,0.0
2009,P85,153435.53522755482,14331.374968190148,757.273753251285,115407.30553437813,0.0,117814.08650616065,0.0
2009,Q,74399.9776264142,9691.698240009837,1077.7796840631054,125489.63537669842,0.0,69857.21201528466,0.0
2009,R_S,109823.69337702295,18796.38112754438,603.3623471857019,91724.89973613415,0.0,7293.640205991475,0.0
2009,T,0.0,0.0,0.0,0.0,0.0,0.0,0.0
2009,U,0.0,0.0,0.0,0.0,0.0,0.0,0.0
2010,B,309275.71163319255,115720.81229629695,78442.82570670733,1200.4523350725074,0.0,7.294032106337786,1836.2305528105517
2010,C10-C12,225648.06736949415,19788.104825130755,2562.7270879579896,345543.4164236967,0.0,2.6531186527919055,244.47620098106964
2010,C13-C15,160615.02450829113,65369.51440282602,2520.00141111226,103024.00006366757,0.0,0.836391140153909,182.88204312913183
2010,C16,49090.05892414754,17265.947830063535,879.2016523550685,3241.7089210703593,0.0,0.018739154495209208,551.0168106653729
2010,C17,32336.206133800744,21466.612756370985,2548.74548203877,1364.2011443698207,0.0,0.6424349873953022,177.512784611446
2010,C18,20573.985237192497,6076.1103309961545,170.79150102630638,500.2232908950382,0.0,0.28805222810262093,79.01101872202803
2010,C19,95344.16674947857,74363.82463965852,303781.1330417599,15818.775659648714,0.0,2.652732826707353,96.75593647963103
2010,C20,142979.9498224938,381824.19213375414,49294.990927132145,10881.801786675058,0.0,8.832404269053384,1843.7010977686466
2010,C21,41523.96724784478,14826.37148496351,577.0769436412027,16634.25333392687,0.0,1.482658412506883,314.7719670616782
2010,C22,61498.104689616936,122200.95627666786,2461.739051049644,2935.904803630258,0.0,0.09316522940503723,378.76728970266095
2010,C23,129257.89693554142,161150.460547412,59497.51256242651,3225.0236959954486,0.0,0.11114013183387395,452.36910762031187
2010,C24,208326.06546757813,466766.64089515025,202964.21102624096,1855.8990548861286,0.0,16.86424814152842,3584.3538445267027
2010,C25,68979.98706352868,135966.19586432184,5981.735247882837,4435.886677262412,0.0,0.025648040345721775,21595.249997908817
2010,C26,168227.7778272376,74368.7539683133,1301.1210366448681,24800.93551573054,0.0,0.2448015851891215,6537.160508391612
2010,C27,107515.53207419891,190112.0987143424,3892.6543171589274,32637.947007647068,0.0,3.3586588528001236,68551.55224471471
2010,C28,176336.1274636276,152395.85011043667,5882.187049790902,4202.398917762682,0.0,10.78053425850375,210084.40317477117
2010,C29,144600.5866407788,86921.67297656465,2000.1925209388817,49480.88700495348,0.0,6.113718013606133,232441.15765132566
2010,C30,51949.87560671937,34063.859307525534,985.5550312371032,15513.738926021591,0.0,2.0016639546706276,81585.72502018497
2010,C31_C32,40357.6276555239,12011.14287234138,631.9387915689458,5893.341166644486,0.0,0.7656594596677647,4903.108578672916
2010,C33,0.0,0.0,0.0,0.0,0.0,0.0,0.0
2010,D35,123784.05865258948,240824.98936938582,115247.55998070058,34391.02138196549,0.0,44.611113190636246,566.7029494537701
2010,E36,7389.720038292969,5409.217451138425,90.36793824840667,6181.036219237745,0.0,0.4452260182959596,18.13761427945872
2010,E37-E39,8578.30890891534,3175.5971258772547,220.29702201044938,894.422788716295,0.0,4191.761768205022,1769.0481703457883
2010,F,393835.99000108545,642742.0910108355,20237.717804121337,4993.948574147698,0.0,0.0,1579931.2831985028
2010,G45,0.0,0.0,0.0,0.0,0.0,0.0,0.0
2010,G46,437527.37766828184,15172.442546962031,232.75224287491213,124842.41073764209,0.0,0.0,45265.77656400615
2010,G47,90513.6806650999,3138.8061411805274,48.15072921700975,25826.833433420532,0.0,0.0,9364.37917728004
2010,H49,178512.05685405235,53317.49813356748,1468.5989207490322,34294.81159610858,0.0,10349.362489794936,9941.27598121771
2010,H50,34602.25472035213,18913.21244282909,318.50525877686016,2925.075899062313,0.0,938.3648406727799,1910.2426881165648
2010,H51,13676.15704079081,13714.704227229024,228.74830153786505,1733.8616517309392,0.0,299.4260192790206,150.79613955820582
2010,H52,37462.251672132246,18016.61281920073,286.73983902446906,3084.6999022406817,0.0,129.03649001897077,1410.5904920170492
2010,H53,9902.796886708566,746.5893778095312,23.593524959252402,1688.0119874791687,0.0,0.0,0.0
2010,I,119187.45169778816,8842.202659238077,420.19795958119244,131391.31254451565,0.0,0.0,0.0
2010,J58,0.0,0.0,0.0,0.0,0.0,0.0,0.0
2010,J59_J60,0.0,0.0,0.0,0.0,0.0,0.0,0.0
2010,J61,109811.83634717503,3800.232258255651,45.35177809940952,58886.128957668356,0.0,0.0,0.0
2010,J62_J63,32780.380455327446,1352.405847435345,19.245384425766584,24.054789972283903,0.0,0.0,62352.10634022525
2010,K64,286491.88288355974,3515.761311008902,71.50520675469339,46022.2949226815,0.0,4209.335841827057,0.0
2010,K65,23434.033575966063,1035.8416568794714,22.359751186405013,25752.162552731817,0.0,0.0,0.0
2010,K66,0.0,0.0,0.0,0.0,0.0,0.0,0.0
2010,L68,336535.8877747265,3611.1151883542448,68.97791145800029,189457.0069339473,0.0,0.0,93442.75121182596
2010,M69_M70,108440.5354973278,25741.78468761657,441.0117009164765,4522.761482124123,0.0,2562.815741757657,0.0
2010,M71,0.0,0.0,0.0,0.0,0.0,0.0,0.0
2010,M72,19369.38054671229,4201.381106965654,152.11176535598892,0.0,0.0,8087.688403026614,0.0
2010,M73,0.0,0.0,0.0,0.0,0.0,0.0,0.0
2010,M74_M75,70434.08809071752,12504.134029162118,231.1859106515803,1456.7058985927126,0.0,24428.587175446326,8152.981341407956
2010,N,22982.964002681543,5562.81082743181,106.00635359889247,5646.773018520942,0.0,27888.8092469025,0.0
2010,O84,239458.64186001816,19179.365545363755,823.7793993907551,4402.565471698849,0.0,411410.8654614969,0.0
2010,P85,177886.08420163635,17771.879941813335,898.6458633227953,116621.89432116522,0.0,163815.06682032812,0.0
2010,Q,88347.98503603642,12630.00257457203,1288.2756148075403,140952.61246622482,0.0,98529.8538647342,0.0
2010,R_S,127002.14747335133,21409.397767326194,635.9867485166743,109454.30679007251,0.0,11067.994186688224,0.0
2010,T,0.0,0.0,0.0,0.0,0.0,0.0,0.0
2010,U,0.0,0.0,0.0,0.0,0.0,0.0,0.0
2011,B,421441.5914678606,154624.48884524236,120112.93094591885,2893.976782056687,0.0,12.205903588458899,2661.50702251004
2011,C10-C12,295699.4241306333,25794.625995639297,3500.4541233170658,457017.48572718364,0.0,3.765218518630241,342.44842708078005
2011,C13-C15,194884.94458421154,78683.9426986655,2981.5882763082955,127750.99814686569,0.0,0.6122183985180759,192.21815695763914
2011,C16,64243.560765986826,21886.45154876657,1093.8993215200815,4529.558827048933,0.0,0.01519272364533474,792.4493838008747
2011,C17,38177.60614740407,26913.022940494284,3610.0013613611363,2019.7567003741958,0.0,1.1569283178143057,240.09458568043826
2011,C18,23925.61766499367,7000.381259627458,213.36748674444877,667.1141816008359,0.0,0.46488094552767933,96.18089758657145
2011,C19,90726.65328204041,107419.86691264618,433100.03534702363,24690.777051041925,0.0,4.828053351823292,132.46754461029997
2011,C20,185104.04993639575,522156.0163757586,64699.28947963192,15626.754224849412,0.0,13.633125159456247,2589.0446802169995
2011,C21,52082.22661332731,20609.09107699128,873.7519865200785,23275.403650624718,0.0,2.21489702952372,424.3804217044731
2011,C22,74980.32961963941,151748.96492387567,3381.660207878277,3334.2294683556693,0.0,0.15018027587546537,498.7081814145204
2011,C23,172206.97418531362,216235.55808787854,80019.73498017322,4651.4339357880735,0.0,0.20397262964875407,677.718666708874
2011,C24,268877.96823821095,604639.8256551415,271184.55180451,2756.6798210096217,0.0,25.122425738697235,5114.9604355523425
2011,C25,83567.35523637402,170175.65672887772,7653.298408934289,5507.70135746474,0.0,0.04512586704107327,27151.29004956531
2011,C26,198306.67308932322,91095.04469913352,1617.8079363796041,35318.36418218828,0.0,0.44669449852901955,11474.586455658997
2011,C27,128676.71938322198,244103.5426790801,5513.620202946727,43336.348046148836,0.0,3.504207620910301,84116.62466785019
2011,C28,220530.55860330877,189094.97230964163,7531.6302412845425,5893.890560544136,0.0,19.64889968407553,257552.08749600718
2011,C29,168908.9619156465,110607.80857624338,2708.625726051015,66963.62851293955,0.0,7.616536123046926,279250.5758953018
2011,C30,60683.01494638156,42007.80650666872,1265.4517301498695,19721.435777277096,0.0,2.562361699104599,101566.842605278
2011,C31_C32,49075.581224460744,15280.251243049224,869.2127649005178,7375.260706886254,0.0,1.21425268565332,5264.300759911712
2011,C33,0.0,0.0,0.0,0.0,0.0,0.0,0.0
2011,D35,145985.05506141586,274643.61806802964,151388.54179164377,45672.635409825045,0.0,68.06018863787489,668.4594313377146
2011,E36,8715.085758388006,6257.2889716701275,115.13017619212997,8115.7195884270905,0.0,0.7672530992184926,24.169312204002292
2011,E37-E39,10116.851168344236,3846.9557321151588,277.3300628055612,1065.9593529983908,0.0,5817.356579056123,973.5499797506923
2011,F,494459.6183589735,828177.9416138907,24875.258567707522,2774.2230026713123,0.0,0.0,1971114.3629225048
2011,G45,0.0,0.0,0.0,0.0,0.0,0.0,0.0
2011,G46,557235.8677428492,18967.692797968386,295.0309863462032,152454.48970210378,0.0,0.0,53199.831232142555
2011,G47,115278.4304763119,3923.9503128700812,61.03467345260667,31539.091679632038,0.0,0.0,11005.739206828635
2011,H49,219334.8465541082,67109.54326259674,1643.3225195696502,44899.017290102995,0.0,13318.389638636967,12982.060836116108
2011,H50,42515.22481598876,22107.63968530163,382.9690160844047,3983.021065643459,0.0,1509.1728464731318,2793.409460724776
2011,H51,16803.67062513985,17138.289727075964,305.2756287991626,2384.4638154537374,0.0,386.26526282305605,163.56212616958084
2011,H52,46029.256325226124,21952.529876634013,359.8408185178051,3985.860886849694,0.0,227.83195188597517,1798.848337925503
2011,H53,12167.404677760944,956.4622492629395,31.28022237830743,2279.7412410237275,0.0,0.0,0.0
2011,I,141992.0449848707,9626.489125271435,357.8973994686998,167570.52563561485,0.0,0.0,0.0
2011,J58,0.0,0.0,0.0,0.0,0.0,0.0,0.0
2011,J59_J60,0.0,0.0,0.0,0.0,0.0,0.0,0.0
2011,J61,134860.41058941823,4389.464136599438,61.92174736841225,75316.06096679058,0.0,0.0,0.0
2011,J62_J63,40257.73281403223,1773.1155658636656,26.88681817896732,1837.509202374757,0.0,0.0,71622.21749072128
2011,K64,357132.1623395195,4483.306947548215,109.6845246366987,55680.47279762425,0.0,5985.892780184948,0.0
2011,K65,29212.16126295324,894.0645781274277,28.859031662399445,34437.47883046987,0.0,0.0,0.0
2011,K66,0.0,0.0,0.0,0.0,0.0,0.0,0.0
2011,L68,414603.6324250548,3975.786079171083,89.67017358340244,239710.52798629962,0.0,0.0,107240.78826219997
2011,M69_M70,133176.30984214222,34601.92701552474,611.2710688941878,5273.630565114335,0.0,3880.910583179513,0.0
2011,M71,0.0,0.0,0.0,0.0,0.0,0.0,0.0
2011,M72,23787.623450115538,5328.381091076087,173.3037842775849,0.0,0.0,11644.753153974587,0.0
2011,M73,0.0,0.0,0.0,0.0,0.0,0.0,0.0
2011,M74_M75,86500.42067755458,16893.05370631169,324.0136531698345,1999.533019440332,0.0,35380.3024919145,10138.88097845595
2011,N,28225.481560696888,7255.634649299385,137.6256768785387,5835.528809447964,0.0,35854.77627866166,0.0
2011,O84,278731.44912426115,23313.353011082254,929.4757984141876,5395.552072199754,0.0,479848.58009273774,0.0
2011,P85,223361.18687059186,23078.267181828287,1173.7391543084484,136538.39972059132,0.0,222477.817541661,0.0
2011,Q,116033.56740234398,15863.483242467724,1722.7595967155169,182822.35587557466,0.0,137973.42083499805,0.0
2011,R_S,159247.8984367996,26767.578151029982,778.6848913336328,142503.5144710347,0.0,15514.313191729712,0.0
2011,T,0.0,0.0,0.0,0.0,0.0,0.0,0.0
2011,U,0.0,0.0,0.0,0.0,0.0,0.0,0.0
2012,B,429033.0851516813,156144.61320982032,115379.0907226839,2506.83542447828,0.0,9.43428058412479,2979.2533987942816
2012,C10-C12,358028.4491562487,27316.78098353855,3224.826106471827,527918.0469094291,0.0,3.9689265951091386,558.1131904320533
2012,C13-C15,227785.34704691288,79921.52852634569,2458.408388537295,148610.6869192672,0.0,0.16424664445730427,270.15633330552794
2012,C16,77490.50901520674,24852.647760107222,1015.2989622704422,5020.957301565205,0.0,0.004210141204063836,1168.1109678166422
2012,C17,41808.254032523095,29204.735854873845,3611.9493577526114,2053.466117921121,0.0,1.2487482303623332,311.1235015611663
2012,C18,28976.34157508098,8494.704715886455,222.7328694396159,859.3381606441318,0.0,0.656959395637988,163.68031808548903
2012,C19,94147.47843389235,129892.98929250636,449115.8460106837,26100.16263540346,0.0,4.664590702708148,145.01965208613504
2012,C20,192626.52231486933,609896.7763224969,62346.94998970458,16192.962245828152,0.0,12.947593611387372,3559.417722597654
2012,C21,65578.82148830655,23035.20273567021,855.3638049695262,26328.155421291245,0.0,2.3524213483628778,646.7032013590257
2012,C22,84669.92157752356,162308.31809956135,3185.5986562878184,2851.8466254260475,0.0,0.15642777984339948,679.0131932059243
2012,C23,188510.4224633722,256888.23910381802,81413.03480171322,4955.841649158534,0.0,0.22133893193781412,960.7759894460002
2012,C24,267001.10964799055,716819.4845332005,283761.30038837035,2870.2231089392544,0.0,23.07287913103784,6930.699534168043
2012,C25,107372.69211258859,215449.18275478543,8172.339642934865,6405.096132655132,0.0,0.06308233264962258,40226.506373419696
2012,C26,226251.8085266911,95245.29593560036,1371.741056266069,37439.77999106468,0.0,0.530028006774272,17066.138223129255
2012,C27,147209.22150519255,264616.4723750247,5174.4121013970225,44595.77055249597,0.0,2.1542717726964464,102199.51149439896
2012,C28,226459.58151790767,189852.37887568556,6299.015382836477,5594.422264707247,0.0,19.000842010970747,307992.2437935877
2012,C29,183076.71049741615,119570.21012274553,2438.3634820212806,70660.67935065945,0.0,6.362286069733324,330231.2451606518
2012,C30,65772.98583480275,44417.66131898529,1109.6999753691762,19991.249199560825,0.0,2.1962428273706247,121580.7764156874
2012,C31_C32,61726.114357435355,18447.78880421448,925.3905087997285,7621.632778243122,0.0,1.3517212549208322,5889.312406747844
2012,C33,0.0,0.0,0.0,0.0,0.0,0.0,0.0
2012,D35,158037.79515877107,299647.094027987,154694.54507360669,47678.039309235275,0.0,68.21550247895983,827.3110177431746
2012,E36,9434.616011178734,6359.122174808623,96.89403212976545,8840.804163105768,0.0,0.8635854596968903,36.23456048083276
2012,E37-E39,10952.113227767883,3915.725202588954,247.60116973496181,1108.1747739422187,0.0,5899.91878794948,126.39723948678952
2012,F,562257.2805616371,925815.348868189,22014.43852970389,0.0,0.0,0.0,2242863.892222864
2012,G45,0.0,0.0,0.0,0.0,0.0,0.0,0.0
2012,G46,648377.6363326227,19615.21161709586,239.57832445041436,157539.6225183537,0.0,0.0,64496.00880656063
2012,G47,134133.42643416888,4057.9060641158444,49.562877787977214,32591.08231363378,0.0,0.0,13342.641668895581
2012,H49,246756.98807869738,71219.34097799363,1340.3960328025964,48208.91908554428,0.0,12049.597395561903,16616.570129001964
2012,H50,47830.6524836401,21453.805731913282,320.93983764175994,4558.29082213494,0.0,1704.4484569858646,4152.726669819851
2012,H51,18904.534401482353,18175.638686050173,290.8295062135072,2762.7818482956386,0.0,358.59276240275176,188.12972506677275
2012,H52,51784.022615454276,22199.71385914477,310.5129457263143,4167.376971787034,0.0,257.6021758165395,2245.1600259776988
2012,H53,13688.62348226221,1003.1025986606046,28.484503776008044,2539.1514458901943,0.0,0.0,0.0
2012,I,165775.12460754314,9184.94927352533,173.5041084583177,194617.2339026219,0.0,0.0,0.0
2012,J58,0.0,0.0,0.0,0.0,0.0,0.0,0.0
2012,J59_J60,0.0,0.0,0.0,0.0,0.0,0.0,0.0
2012,J61,158900.99035196356,4573.564495577206,56.08823113408806,85321.48832289773,0.0,0.0,0.0
2012,J62_J63,47434.18461738241,1987.157895781604,26.229391834660078,1372.1304223591926,0.0,0.0,87535.42077339198
2012,K64,420622.15673241334,4734.858113715511,103.37043056659549,58177.1541800867,0.0,6093.629438820397,0.0
2012,K65,34405.420650849,448.62773615189934,21.05846792191983,40767.59726782177,0.0,0.0,0.0
2012,K66,0.0,0.0,0.0,0.0,0.0,0.0,0.0
2012,L68,465119.7794438251,3688.128000028346,76.187776001934,256356.50035825284,0.0,0.0,128246.61009769092
2012,M69_M70,156916.67727279497,38678.5018979226,574.3550177996516,4905.58016435366,0.0,3880.4487487108813,0.0
2012,M71,0.0,0.0,0.0,0.0,0.0,0.0,0.0
2012,M72,28028.069229677523,5948.78827297513,146.9934968674079,0.0,0.0,12351.880565142212,0.0
2012,M73,0.0,0.0,0.0,0.0,0.0,0.0,0.0
2012,M74_M75,101920.21847962092,19197.525268522935,314.2920519081345,2360.517469822403,0.0,37794.2862230546,13372.664811485816
2012,N,33257.031871351435,8194.537611406506,127.92879260926289,6687.017798538857,0.0,42075.282289883646,0.0
2012,O84,318688.2859216577,24188.00254921986,753.6081844539806,7258.43731912112,0.0,541756.3207264656,0.0
2012,P85,257952.3563145968,24577.511176955286,1031.5410658701069,160185.1981943231,0.0,252288.6566167918,0.0
2012,Q,142416.232265254,15756.013154161807,1550.7201039016306,234495.0530028316,0.0,161605.0160764146,0.0
2012,R_S,181964.75901589583,28195.725911058384,648.0769509828999,158537.54520799746,0.0,16008.033893930466,0.0
2012,T,0.0,0.0,0.0,0.0,0.0,0.0,0.0
2012,U,0.0,0.0,0.0,0.0,0.0,0.0,0.0
2013,B,496765.02955583466,176457.30963278987,134107.23007152698,3052.2677682198814,0.0,11.218804218371377,3194.231274700353
2013,C10-C12,388994.69942451984,32784.03053017586,3933.683228692081,608448.5725779551,0.0,4.6784294599857,587.3857710408852
2013,C13-C15,240119.4588292767,92397.7885135673,2952.312688610502,167941.89160593654,0.0,0.18633387268908053,279.78751494866356
2013,C16,86676.95479222144,29345.331563958727,1244.3983648787707,6003.693579800864,0.0,0.005248520486159859,1294.8631907912147
2013,C17,44344.02416195027,32665.428681020174,4175.623687376608,2110.7368466587295,0.0,1.3130087671031638,292.2350808339923
2013,C18,32166.42142772367,10486.33138057225,287.33770728549075,1042.0919980147444,0.0,0.8203289324285854,182.57981049710267
2013,C19,104632.54298223078,130471.76809191817,474281.33427446696,29165.71472876106,0.0,4.7030332602983345,129.54884952515124
2013,C20,207820.92628101233,695387.2254109557,74521.94492618684,22772.59654327449,0.0,14.694219598047214,3611.7805891726944
2013,C21,76856.6697295263,27440.596497995357,1055.3536728572421,33656.552625894576,0.0,3.0093075334580037,739.6757931696617
2013,C22,94212.53388127881,185524.38950458576,3807.507698026423,3518.6866667792797,0.0,0.18352611687888362,712.5965476469811
2013,C23,212610.18546675006,310509.4121949916,98488.40471466894,6121.8131231208135,0.0,0.28076948058163953,1090.1737907915822
2013,C24,261576.68606480604,804524.3187314953,325285.2876740438,3297.297874393978,0.0,26.19913895445398,7044.379942676365
2013,C25,116187.35565891987,248397.50706679586,9634.865784868178,7663.204580004444,0.0,0.07574216908631219,42638.28486137845
2013,C26,247425.2690780221,105385.57874350037,1572.214613958048,47714.175973837846,0.0,0.6167732192774253,26837.667580634552
2013,C27,156845.47629739667,301673.5760855081,6060.657434433821,52540.82666438808,0.0,2.5482754427567804,106868.82046344253
2013,C28,247089.0449223575,215005.96662362595,7338.971046012945,6777.832120364972,0.0,22.825404805227272,334471.877243529
2013,C29,214410.09878413414,134701.56770996517,2825.3992277300713,91425.64356053383,0.0,8.07597917812248,361440.69462229224
2013,C30,77029.9638433069,49351.31006282034,1273.4977575900477,26426.298985405887,0.0,2.963496747907101,139553.70592163026
2013,C31_C32,66808.4894141044,22458.122711218366,1158.744965102527,9740.501630160541,0.0,1.7096436265088084,6649.0175062556
2013,C33,0.0,0.0,0.0,0.0,0.0,0.0,0.0
2013,D35,182987.40283684674,343799.8322728202,179932.1831984816,55483.94110308265,0.0,81.20050922659148,870.8737322217232
2013,E36,10924.069643683033,7262.133813215548,112.44024316159386,10268.319206157117,0.0,1.0190728780734326,38.61120934679812
2013,E37-E39,12681.135883419047,4375.624538625198,287.96153547689255,1293.6995299487835,0.0,7043.749764179372,136.33873630909005
2013,F,635180.1770262641,1041267.9910498882,24702.454233541983,0.0,0.0,0.0,2513001.203111446
2013,G45,0.0,0.0,0.0,0.0,0.0,0.0,0.0
2013,G46,746178.2739434715,21615.22746834489,272.87584152890526,189910.731340659,0.0,0.0,68729.17207694378
2013,G47,154365.97903174142,4471.660276425105,56.45131718498058,39287.87288343739,0.0,0.0,14218.38016672814
2013,H49,275567.26576437993,74830.71655832422,1583.2772553474126,55150.57420398277,0.0,14129.128846449341,16720.301942031205
2013,H50,53415.15240265176,22203.428397136686,386.94916978637133,5566.389631051138,0.0,2133.416500487837,4337.084528772416
2013,H51,21111.7459980656,18899.39291781836,350.7790357440214,3328.242377062381,0.0,442.7821212849899,200.34307684685135
2013,H52,57830.10091641451,23557.560947724873,377.88743838759393,4755.466182656658,0.0,301.300631409186,2264.780816893973
2013,H53,15286.84790025905,1043.2790255963912,31.70642702490882,2869.539443487684,0.0,0.0,0.0
2013,I,181152.3787872155,9878.67577752144,193.9564877220843,213981.45467514082,0.0,0.0,0.0
2013,J58,0.0,0.0,0.0,0.0,0.0,0.0,0.0
2013,J59_J60,0.0,0.0,0.0,0.0,0.0,0.0,0.0
2013,J61,183986.871643564,5175.032274318346,65.36128857596972,100133.81852702734,0.0,0.0,0.0
2013,J62_J63,54922.67365599599,2183.661222742928,30.315268123841022,1758.4354714150907,0.0,0.0,99166.1454243454
2013,K64,501679.98935329885,5345.011569464008,124.47592796897784,70405.43974030408,0.0,7558.750103283091,0.0
2013,K65,41035.6677353882,504.35289541574446,25.700219609562193,49342.75169354129,0.0,0.0,0.0
2013,K66,0.0,0.0,0.0,0.0,0.0,0.0,0.0
2013,L68,545782.6771605092,4100.860175688032,87.65118603101332,311030.5392972224,0.0,0.0,137547.64531866086
2013,M69_M70,181689.29278650976,41991.452295304705,707.9712270522218,6541.755099362468,0.0,5304.0310905936085,0.0
2013,M71,0.0,0.0,0.0,0.0,0.0,0.0,0.0
2013,M72,32452.89261165314,6710.939058076026,172.24156630518274,0.0,0.0,14855.464664762016,0.0
2013,M73,0.0,0.0,0.0,0.0,0.0,0.0,0.0
2013,M74_M75,118010.48007163838,21054.239184219856,376.69404667269407,2787.6773983044827,0.0,45749.00442612817,13960.51264723357
2013,N,38507.35757283239,9116.893665393445,153.43123169269117,7631.968275531412,0.0,49154.56496733237,0.0
2013,O84,368999.97052441834,26836.676260733464,895.6405393740691,8215.199614943594,0.0,628491.1714685705,0.0
2013,P85,298675.59016646567,27583.75575326052,1213.6620578365184,183041.89291748233,0.0,295492.2156565975,0.0
2013,Q,164899.64592233562,16078.342843368773,1747.2193823245102,269095.5026901769,0.0,190032.82236195862,0.0
2013,R_S,210691.74387493648,31252.737069431336,751.8698036457663,185173.38526875727,0.0,19041.21592149571,0.0
2013,T,0.0,0.0,0.0,0.0,0.0,0.0,0.0
2013,U,0.0,0.0,0.0,0.0,0.0,0.0,0.0
2014,B,564305.8022078116,197018.44750794902,153378.71885432152,3343.767921048038,0.0,10.265730962111316,3688.9265744244676
2014,C10-C12,411647.6648330057,34172.40526103753,4193.800549658495,631927.9146714278,0.0,3.9735671085437323,629.7532539437943
2014,C13-C15,254102.72853143624,95537.2445314531,3175.3799782073984,174904.88703508078,0.0,0.15868683421596028,304.9012542873136
2014,C16,91724.55585600449,30892.773344947727,1357.2386183370788,6078.220413338098,0.0,0.004349665911848109,1366.1301997220328
2014,C17,46926.38234549328,34024.786404832215,4477.128345783619,2021.255929016969,0.0,1.0974682485396912,307.16431700578545
2014,C18,34039.621327349545,10896.35824405007,319.05300517618343,1040.246887131452,0.0,0.673932689752176,188.62329241055238
2014,C19,110725.78121988529,133916.42349538664,506580.4238414666,31451.366681636802,0.0,3.8718959004098488,127.09744276857614
2014,C20,219923.3026402994,726040.7849304086,80816.79439265763,23282.775045869163,0.0,12.174302738415335,3781.594329144688
2014,C21,81332.39005006061,28437.080880780682,1148.0478954739951,32008.958451436876,0.0,2.462488086235054,764.9005600221285
2014,C22,99698.96666356549,193380.48106032328,4218.530987659045,3527.8175527482563,0.0,0.15318834506119272,751.4720906493961
2014,C23,224991.46259981993,322252.2542698396,106207.3316656427,6118.046419842053,0.0,0.2302920723573346,1129.7077790429653
2014,C24,276809.5096221925,827750.6923298587,354205.5746955944,3088.2628140384963,0.0,21.19882782066159,7161.304328446857
2014,C25,122953.48422709545,257134.77955259863,10715.345628721925,7593.19418020876,0.0,0.0625350515504737,44688.17844795771
2014,C26,261833.9899935038,110882.08812383273,1811.1228929180602,46456.80609866237,0.0,0.5012041206084741,35488.240883053535
2014,C27,165979.31579263622,312326.3984974189,6908.949476063075,52350.18998857281,0.0,2.089060366299943,109041.677490355
2014,C28,261478.18594593104,221552.13937961552,8279.584992332258,6750.356800823512,0.0,18.897077261414946,352286.2826372245
2014,C29,226896.19321722697,136916.38651880447,3177.9386586371265,90314.1601573271,0.0,6.812016666934366,384331.8030399109
2014,C30,81515.77588378146,50622.026200989516,1439.4005731333475,27414.976748053472,0.0,2.5079427068746836,149512.3006783048
2014,C31_C32,70699.05759390189,22993.882679216746,1263.0978859329339,9519.435783744138,0.0,1.5478274685245645,6844.015778980904
2014,C33,0.0,0.0,0.0,0.0,0.0,0.0,0.0
2014,D35,207866.59085905875,394175.45297851786,203376.5432227511,60084.169950372365,0.0,76.6990569255762,1031.8291678164264
2014,E36,12409.319329833552,8135.201962297835,126.09619458988345,11259.654314656726,0.0,0.9653197910853466,45.88519442128788
2014,E37-E39,14405.278415023246,4782.808056410635,325.8282683245672,1461.757333318257,0.0,6910.345473714839,165.33642963208592
2014,F,702035.9022249354,1119713.8804953387,28683.735346624362,0.0,0.0,0.0,2775513.5306766653
2014,G45,0.0,0.0,0.0,0.0,0.0,0.0,0.0
2014,G46,831779.1078134254,23671.911766453948,297.31209428467093,206060.30198883053,0.0,0.0,77281.47537740992
2014,G47,172074.69153074667,4897.137805115321,61.50657830859022,42628.82326179123,0.0,0.0,15987.64208087326
2014,H49,306858.4233810074,80338.3674935728,1834.2065071760906,59876.0871534136,0.0,13362.64215360645,18805.347687678175
2014,H50,59480.538827673234,23545.124924140175,456.16280003357525,6252.450519815868,0.0,2087.497145242587,5018.308398433734
2014,H51,23509.02264758071,20307.82733709286,417.9562649966959,3742.1612019935756,0.0,433.68180491643784,233.43789137940377
2014,H52,64396.81266913859,25035.737513940505,445.0461683776915,5113.788033277438,0.0,282.2430431641544,2523.8600496561257
2014,H53,17022.69691622097,1109.685299966764,35.97746242673136,3069.836756043444,0.0,0.0,0.0
2014,I,200015.61993168868,10808.359810381035,219.65195155628618,230086.29987999782,0.0,0.0,0.0
2014,J58,0.0,0.0,0.0,0.0,0.0,0.0,0.0
2014,J59_J60,0.0,0.0,0.0,0.0,0.0,0.0,0.0
2014,J61,209001.94865036797,5916.111821648551,75.10146070166294,109487.58155871363,0.0,0.0,0.0
2014,J62_J63,62390.02661792869,2384.090613300605,35.063601012451166,1972.3384630816565,0.0,0.0,115267.77427087743
2014,K64,576700.6632259723,5893.638818904444,139.02663155198314,77977.30125776386,0.0,7292.65304442856,0.0
2014,K65,47172.09635852779,532.0216888518046,28.140940712435512,54943.38166048204,0.0,0.0,0.0
2014,K66,0.0,0.0,0.0,0.0,0.0,0.0,0.0
2014,L68,583716.7774729201,4265.954092730748,90.95494734949763,325646.4036281083,0.0,0.0,149240.2196217176
2014,M69_M70,206391.98820040454,45661.029891615144,843.8798906958684,6291.237652302227,0.0,4443.461789434397,0.0
2014,M71,0.0,0.0,0.0,0.0,0.0,0.0,0.0
2014,M72,36865.227038137404,7408.9424748878,198.78551805313992,0.0,0.0,14390.630688975658,0.0
2014,M73,0.0,0.0,0.0,0.0,0.0,0.0,0.0
2014,M74_M75,134055.32729487345,22986.864575718944,444.3373360979882,3090.682639540908,0.0,44184.2131871061,16040.002817391747
2014,N,43742.864358767954,9970.59384931986,179.12641310741319,9553.488610285362,0.0,53771.15458575728,0.0
2014,O84,419169.6516311169,28860.097454235078,1009.820396681281,10583.62465920401,0.0,705324.6627002001,0.0
2014,P85,339283.8836893917,29631.612119359506,1354.8545474765197,222550.30494112184,0.0,312966.1152668636,0.0
2014,Q,187319.6006957022,18107.519106562642,2092.0107006429953,320967.97607009875,0.0,197814.47755979406,0.0
2014,R_S,239337.6475236478,34599.098683656375,867.11058912963,206312.48195782327,0.0,19066.080078449562,0.0
2014,T,0.0,0.0,0.0,0.0,0.0,0.0,0.0
2014,U,0.0,0.0,0.0,0.0,0.0,0.0,0.0
