year,code,CAP,COMP
2000,B,283950.98,214775.8
2000,C19,58173.59,24736.156
2000,C20,164035.92,87917.876
2000,C23,107953.0,115844.46
2000,C24,142186.69,111410.6
2000,D35,187862.29,52736.58
2000,C10-C12,283604.45,103707.52
2000,C13-C15,211114.94,193398.38
2000,C16,45856.5,33116.345
2000,C17,47284.23,27063.626
2000,C18,38175.74,29659.106
2000,C21,65409.74,27989.113
2000,C22,81316.63,51163.424
2000,C31_C32,124066.68,57873.634
2000,C25,67061.52,54241.035
2000,C26,145671.61,82820.24
2000,C27,90897.51,57879.363
2000,C28,153115.88,142969.02
2000,C29,79845.98,41694.987
2000,C30,19784.79,24469.594
2000,C33,0.0,0.0
2000,F,225741.42,326487.09
2000,E36,9311.69,7586.557
2000,E37-E39,13742.01,28730.67
2000,G45,0.0,0.0
2000,G46,390969.94,285039.34
2000,G47,80882.09,58967.647
2000,H49,200420.17,175194.25
2000,H50,89289.84,58894.935
2000,H51,32913.45,11888.32
2000,H52,6740.63,4035.427
2000,H53,4385.37,12934.568
2000,I,139793.88,74832.118
2000,J58,0.0,0.0
2000,J59_J60,0.0,0.0
2000,J61,131450.34,29687.668
2000,J62_J63,12326.06,10995.645
2000,K64,260705.22,106543.31
2000,K65,27722.92,13697.125
2000,K66,0.0,0.0
2000,L68,330975.02,83931.125
2000,M69_M70,80652.03,43486.959
2000,M71,0.0,0.0
2000,M72,6183.34,14205.257
2000,M73,0.0,0.0
2000,M74_M75,31115.79,27760.003
2000,N,2569.46,935.549
2000,O84,73674.09,277689.67
2000,P85,61337.21,241249.5
2000,Q,42814.18,106175.91
2000,R_S,95137.33,131192.72
2000,T,0.0,0.0
2000,U,0.0,0.0
2001,B,307306.06,232441.2
2001,C19,64406.67,27386.542
2001,C20,172853.33,92643.717
2001,C23,99136.78,106383.77
2001,C24,176608.37,138381.77
2001,D35,225530.28,63310.715
2001,C10-C12,301550.87,110270.11
2001,C13-C15,206852.76,189493.88
2001,C16,55446.23,40041.793
2001,C17,56163.8,32145.94
2001,C18,45344.81,35228.827
2001,C21,68925.71,29493.61
2001,C22,95445.48,60053.117
2001,C31_C32,126710.05,59106.695
2001,C25,72653.93,58764.319
2001,C26,158499.4,90113.364
2001,C27,95738.19,60961.685
2001,C28,168793.96,157608.13
2001,C29,94798.26,49502.956
2001,C30,23489.77,29051.868
2001,C33,0.0,0.0
2001,F,242476.56,350690.92
2001,E36,11178.76,9107.726
2001,E37-E39,16497.4,34491.415
2001,G45,0.0,0.0
2001,G46,437013.55,318607.76
2001,G47,90407.38,65912.128
2001,H49,223582.63,195441.36
2001,H50,99609.03,65701.395
2001,H51,36717.24,13262.248
2001,H52,7519.64,4501.799
2001,H53,4892.19,14429.41
2001,I,156329.37,83683.624
2001,J58,0.0,0.0
2001,J59_J60,0.0,0.0
2001,J61,160565.09,36263.148
2001,J62_J63,15056.14,13431.056
2001,K64,277723.53,113498.24
2001,K65,29532.62,14591.245
2001,K66,0.0,0.0
2001,L68,376126.05,95380.86
2001,M69_M70,98515.53,53118.824
2001,M71,0.0,0.0
2001,M72,7552.88,17351.559
2001,M73,0.0,0.0
2001,M74_M75,38007.58,33908.527
2001,N,3138.56,1142.762
2001,O84,86169.85,324788.23
2001,P85,70893.42,278835.68
2001,Q,49886.02,123713.54
2001,R_S,125835.02,173524.3
2001,T,0.0,0.0
2001,U,0.0,0.0
2002,B,334967.05,253363.52
2002,C19,72238.88,30716.898
2002,C20,187490.07,100488.53
2002,C23,90592.62,97215.019
2002,C24,206840.52,162070.22
2002,D35,266211.56,74730.736
2002,C10-C12,324013.35,118484.11
2002,C13-C15,198267.54,181629.13
2002,C16,61560.95,44457.677
2002,C17,63703.89,36461.588
2002,C18,51432.43,39958.359
2002,C21,74762.15,31991.047
2002,C22,108561.37,68305.475
2002,C31_C32,122895.48,57327.304
2002,C25,77226.8,62462.966
2002,C26,179460.73,102030.73
2002,C27,103346.51,65806.311
2002,C28,185685.91,173380.66
2002,C29,119849.76,62584.668
2002,C30,29697.21,36729.15
2002,C33,0.0,0.0
2002,F,264296.75,382249.2
2002,E36,13195.19,10750.583
2002,E37-E39,19473.21,40712.995
2002,G45,0.0,0.0
2002,G46,478989.95,349210.94
2002,G47,99091.27,72243.177
2002,H49,243943.87,213239.82
2002,H50,108680.23,71684.692
2002,H51,40061.01,14470.015
2002,H52,8204.44,4911.769
2002,H53,5337.71,15743.468
2002,I,177473.08,95001.921
2002,J58,0.0,0.0
2002,J59_J60,0.0,0.0
2002,J61,191995.06,43361.511
2002,J62_J63,18003.32,16060.13
2002,K64,294268.09,120259.57
2002,K65,31291.94,15460.476
2002,K66,0.0,0.0
2002,L68,426484.29,108151.08
2002,M69_M70,117799.54,63516.617
2002,M71,0.0,0.0
2002,M72,9031.33,20748.056
2002,M73,0.0,0.0
2002,M74_M75,45447.41,40545.983
2002,N,3752.92,1366.454
2002,O84,101895.41,384060.42
2002,P85,81808.74,321767.47
2002,Q,58692.22,145552.23
2002,R_S,138833.53,191449.02
2002,T,0.0,0.0
2002,U,0.0,0.0
2003,B,378078.35,276418.78
2003,C19,76941.29,33472.587
2003,C20,230351.3,120100.82
2003,C23,113702.47,109899.76
2003,C24,290984.56,201578.93
2003,D35,295035.69,87592.175
2003,C10-C12,367821.87,143939.91
2003,C13-C15,230471.14,208375.74
2003,C16,65478.43,46502.321
2003,C17,70609.4,39266.952
2003,C18,52166.47,40666.511
2003,C21,85631.42,37444.642
2003,C22,118506.75,73536.627
2003,C31_C32,123227.86,53487.293
2003,C25,85029.62,64823.24
2003,C26,222563.96,128995.4
2003,C27,124253.0,74946.932
2003,C28,221903.67,195157.49
2003,C29,150202.7,82118.945
2003,C30,39274.71,47667.313
2003,C33,0.0,0.0
2003,F,314785.56,434292.91
2003,E36,14153.02,11939.823
2003,E37-E39,20445.31,39787.545
2003,G45,0.0,0.0
2003,G46,554238.25,371248.15
2003,G47,114658.3,76802.133
2003,H49,260783.34,215175.45
2003,H50,113379.6,70153.545
2003,H51,38040.62,14966.503
2003,H52,22320.58,11004.902
2003,H53,5352.38,16136.809
2003,I,202604.11,110001.58
2003,J58,0.0,0.0
2003,J59_J60,0.0,0.0
2003,J61,241665.86,53912.598
2003,J62_J63,21370.43,22771.103
2003,K64,318833.49,130964.62
2003,K65,27862.77,21278.745
2003,K66,0.0,0.0
2003,L68,499661.14,117606.52
2003,M69_M70,140993.03,83717.622
2003,M71,0.0,0.0
2003,M72,10516.61,26325.673
2003,M73,0.0,0.0
2003,M74_M75,54104.64,57179.477
2003,N,8123.88,3895.171
2003,O84,105150.0,436084.15
2003,P85,87508.24,338787.44
2003,Q,66930.28,159244.01
2003,R_S,165700.43,203418.43
2003,T,0.0,0.0
2003,U,0.0,0.0
2004,B,446995.67,315830.83
2004,C19,107014.41,47621.938
2004,C20,265110.12,134429.23
2004,C23,144790.62,126029.62
2004,C24,394194.04,240750.9
2004,D35,368505.88,115514.61
2004,C10-C12,414739.81,173347.38
2004,C13-C15,267433.38,238637.78
2004,C16,85197.59,59500.136
2004,C17,80823.07,43660.785
2004,C18,54619.82,42723.809
2004,C21,91749.24,40991.112
2004,C22,135582.95,82971.034
2004,C31_C32,92401.73,37241.069
2004,C25,108157.68,77681.4
2004,C26,312720.46,184752.76
2004,C27,157811.8,90103.543
2004,C28,279727.45,231661.88
2004,C29,151927.49,86910.484
2004,C30,41912.92,49920.972
2004,C33,0.0,0.0
2004,F,375313.25,494115.03
2004,E36,17108.88,14943.703
2004,E37-E39,23896.72,43356.162
2004,G45,0.0,0.0
2004,G46,639132.33,392769.46
2004,G47,132220.8,81254.366
2004,H49,310109.09,241447.33
2004,H50,131418.74,76205.498
2004,H51,39891.18,17042.863
2004,H52,44341.14,17758.597
2004,H53,5965.95,18390.015
2004,I,236341.35,130141.4
2004,J58,0.0,0.0
2004,J59_J60,0.0,0.0
2004,J61,320255.2,70565.059
2004,J62_J63,26472.56,33727.166
2004,K64,345204.5,142519.86
2004,K65,23964.44,27608.675
2004,K66,0.0,0.0
2004,L68,589163.99,128248.84
2004,M69_M70,177368.0,115708.37
2004,M71,0.0,0.0
2004,M72,12836.2,35127.281
2004,M73,0.0,0.0
2004,M74_M75,67277.6,84292.695
2004,N,14492.19,8929.453
2004,O84,109854.56,504283.44
2004,P85,101688.1,387567.9
2004,Q,79796.51,182274.49
2004,R_S,168294.23,184177.77
2004,T,0.0,0.0
2004,U,0.0,0.0
2005,B,613195.78,418627.9
2005,C19,138714.4,63130.101
2005,C20,321351.34,158434.08
2005,C23,181758.44,142363.69
2005,C24,493361.77,264597.23
2005,D35,430814.91,142374.72
2005,C10-C12,474066.14,211264.0
2005,C13-C15,309775.27,272809.22
2005,C16,84717.73,58177.816
2005,C17,82123.02,43082.644
2005,C18,50732.81,39818.257
2005,C21,103376.0,47180.395
2005,C22,136458.68,82349.908
2005,C31_C32,182318.66,68065.033
2005,C25,121940.37,82461.362
2005,C26,358299.89,215752.47
2005,C27,201170.79,108632.48
2005,C28,306882.44,239244.52
2005,C29,164791.15,98582.596
2005,C30,47957.11,56056.882
2005,C33,0.0,0.0
2005,F,459402.68,577328.78
2005,E36,19358.85,17505.273
2005,E37-E39,25762.97,43638.82
2005,G45,0.0,0.0
2005,G46,740486.0,416731.6
2005,G47,153188.39,86211.544
2005,H49,359071.18,263693.85
2005,H50,148133.42,80408.356
2005,H51,40375.09,18682.095
2005,H52,73887.46,23552.511
2005,H53,6469.63,20395.009
2005,I,269225.56,150346.11
2005,J58,0.0,0.0
2005,J59_J60,0.0,0.0
2005,J61,371819.49,80909.833
2005,J62_J63,28426.8,43474.846
2005,K64,390270.55,161945.52
2005,K65,20460.55,36006.005
2005,K66,0.0,0.0
2005,L68,709415.49,142227.75
2005,M69_M70,195130.45,139601.73
2005,M71,0.0,0.0
2005,M72,13657.98,41017.798
2005,M73,0.0,0.0
2005,M74_M75,72604.23,108202.78
2005,N,20228.27,15791.567
2005,O84,115939.57,593284.42
2005,P85,123605.98,463850.57
2005,Q,95407.31,209364.4
2005,R_S,226916.34,221509.52
2005,T,0.0,0.0
2005,U,0.0,0.0
2006,B,728106.42,480180.32
2006,C19,168119.54,78235.165
2006,C20,364073.89,174478.37
2006,C23,250688.79,176447.73
2006,C24,608251.17,284942.48
2006,D35,509858.27,177397.17
2006,C10-C12,519412.71,246419.87
2006,C13-C15,364081.19,316442.26
2006,C16,111197.54,75084.081
2006,C17,96386.93,49093.005
2006,C18,54383.04,42828.203
2006,C21,108679.83,50660.843
2006,C22,156782.88,93299.681
2006,C31_C32,251713.83,86805.398
2006,C25,159202.11,101294.81
2006,C26,420477.99,258040.51
2006,C27,229968.58,117339.88
2006,C28,386159.34,283262.39
2006,C29,191315.73,119627.63
2006,C30,58724.6,67367.23
2006,C33,0.0,0.0
2006,F,564062.69,676797.83
2006,E36,22174.39,20757.133
2006,E37-E39,27612.28,43718.259
2006,G45,0.0,0.0
2006,G46,904553.21,465159.14
2006,G47,187129.87,96230.015
2006,H49,413906.31,286552.11
2006,H50,165992.61,84233.209
2006,H51,40241.93,20121.041
2006,H52,113384.39,27897.025
2006,H53,6977.6,22501.249
2006,I,305979.99,173278.58
2006,J58,0.0,0.0
2006,J59_J60,0.0,0.0
2006,J61,439658.97,94474.983
2006,J62_J63,30686.65,56747.694
2006,K64,520154.34,216937.68
2006,K65,18934.17,53882.036
2006,K66,0.0,0.0
2006,L68,876052.5,160993.11
2006,M69_M70,218214.35,170970.27
2006,M71,0.0,0.0
2006,M72,14716.98,48725.244
2006,M73,0.0,0.0
2006,M74_M75,78890.47,140711.87
2006,N,26826.93,26356.578
2006,O84,130845.0,752815.0
2006,P85,136453.16,504246.84
2006,Q,106972.6,225647.4
2006,R_S,262174.66,228248.22
2006,T,0.0,0.0
2006,U,0.0,0.0
2007,B,822320.56,523749.69
2007,C19,232185.37,110461.17
2007,C20,460902.77,214644.98
2007,C23,350709.36,221373.34
2007,C24,774585.42,314752.0
2007,D35,612976.11,224260.39
2007,C10-C12,624554.91,315004.84
2007,C13-C15,439761.57,377217.79
2007,C16,143408.83,95208.139
2007,C17,110984.8,54866.146
2007,C18,57124.63,45140.061
2007,C21,127427.12,60659.218
2007,C22,180461.23,105892.03
2007,C31_C32,286719.34,91045.302
2007,C25,210681.71,126019.3
2007,C26,475538.62,297391.6
2007,C27,285239.02,137374.87
2007,C28,492708.3,339871.45
2007,C29,250516.74,163658.26
2007,C30,81098.02,91306.577
2007,C33,0.0,0.0
2007,F,712849.08,816799.07
2007,E36,25801.98,25002.186
2007,E37-E39,29370.68,43510.935
2007,G45,0.0,0.0
2007,G46,1181293.5,553586.0
2007,G47,244380.65,114523.36
2007,H49,500204.98,326252.54
2007,H50,194701.2,92225.509
2007,H51,41477.13,22366.177
2007,H52,173812.73,31445.873
2007,H53,7880.56,26003.605
2007,I,352428.01,202383.36
2007,J58,0.0,0.0
2007,J59_J60,0.0,0.0
2007,J61,531031.18,112669.87
2007,J62_J63,33284.93,75283.893
2007,K64,793672.99,332689.73
2007,K65,16936.36,90455.853
2007,K66,0.0,0.0
2007,L68,1182832.1,198142.56
2007,M69_M70,248748.07,213224.73
2007,M71,0.0,0.0
2007,M72,16092.94,59055.245
2007,M73,0.0,0.0
2007,M74_M75,86321.67,186048.07
2007,N,34537.77,42683.546
2007,O84,143686.78,939356.49
2007,P85,165820.67,603500.59
2007,Q,132521.3,268855.4
2007,R_S,316927.38,245849.49
2007,T,0.0,0.0
2007,U,0.0,0.0
2008,B,1179579.3,783363.92
2008,C19,269218.2,116460.03
2008,C20,561620.18,261075.1
2008,C23,396922.31,261659.37
2008,C24,964141.95,413245.21
2008,D35,512071.27,196811.21
2008,C10-C12,779719.26,395766.29
2008,C13-C15,470135.37,437886.59
2008,C16,151340.6,105121.39
2008,C17,119128.9,65318.78
2008,C18,61946.83,52982.911
2008,C21,152545.55,79779.338
2008,C22,200115.62,131869.81
2008,C31_C32,239829.45,85814.383
2008,C25,233774.95,153800.82
2008,C26,463730.47,341393.3
2008,C27,367888.93,197560.91
2008,C28,577193.69,436257.66
2008,C29,301180.68,206219.39
2008,C30,90541.0,110763.87
2008,C33,0.0,0.0
2008,F,834221.45,1040098.6
2008,E36,21235.89,21544.984
2008,E37-E39,21743.42,35724.689
2008,G45,0.0,0.0
2008,G46,1445497.5,723934.17
2008,G47,299037.98,149764.22
2008,H49,533222.36,428720.6
2008,H50,182177.59,98960.687
2008,H51,44688.52,29401.361
2008,H52,173866.07,51777.902
2008,H53,10125.42,34300.16
2008,I,351635.53,309971.6
2008,J58,0.0,0.0
2008,J59_J60,0.0,0.0
2008,J61,564114.39,132380.57
2008,J62_J63,41377.84,101200.86
2008,K64,935039.88,427572.51
2008,K65,21232.46,102480.2
2008,K66,0.0,0.0
2008,L68,1256387.8,217482.12
2008,M69_M70,274690.62,277340.68
2008,M71,0.0,0.0
2008,M72,21406.19,71436.828
2008,M73,0.0,0.0
2008,M74_M75,104517.31,232392.94
2008,N,43118.98,57706.8
2008,O84,182098.94,1196272.8
2008,P85,178537.8,710209.02
2008,Q,137310.66,325564.11
2008,R_S,316170.13,338874.54
2008,T,0.0,0.0
2008,U,0.0,0.0
2009,B,988412.6,684189.72
2009,C19,297441.4,116561.09
2009,C20,565473.55,262389.14
2009,C23,491140.96,338005.0
2009,C24,844725.99,381475.18
2009,D35,527008.48,212563.16
2009,C10-C12,834726.82,426376.39
2009,C13-C15,494417.53,499910.27
2009,C16,200000.07,145292.94
2009,C17,132950.68,80606.7
2009,C18,69841.79,64624.762
2009,C21,150725.05,86369.834
2009,C22,212995.01,157196.89
2009,C31_C32,233576.62,93576.975
2009,C25,262684.61,189735.42
2009,C26,396842.54,342560.12
2009,C27,332434.86,198368.99
2009,C28,631606.22,522475.56
2009,C29,403514.8,289457.79
2009,C30,112337.06,149430.92
2009,C33,0.0,0.0
2009,F,950018.1,1289864.6
2009,E36,21525.27,22865.543
2009,E37-E39,19660.01,35920.575
2009,G45,0.0,0.0
2009,G46,1565122.6,836489.44
2009,G47,323785.46,173049.14
2009,H49,513442.74,506514.52
2009,H50,151947.99,94151.434
2009,H51,43610.05,34732.028
2009,H52,157041.42,69156.107
2009,H53,11612.62,40400.351
2009,I,304481.38,407335.33
2009,J58,0.0,0.0
2009,J59_J60,0.0,0.0
2009,J61,555970.97,143450.8
2009,J62_J63,47371.76,125617.64
2009,K64,1092260.7,543377.2
2009,K65,26183.66,114931.04
2009,K66,0.0,0.0
2009,L68,1582611.1,282876.78
2009,M69_M70,281496.04,334803.49
2009,M71,0.0,0.0
2009,M72,26408.32,80517.898
2009,M73,0.0,0.0
2009,M74_M75,117898.02,270540.6
2009,N,49684.54,72073.498
2009,O84,199458.39,1316715.4
2009,P85,195205.19,852973.45
2009,Q,133736.36,374519.22
2009,R_S,301742.54,448506.42
2009,T,0.0,0.0
2009,U,0.0,0.0
2010,B,1216338.2,877323.5
2010,C19,476893.76,168544.64
2010,C20,661515.41,306396.5
2010,C23,509260.18,365759.43
2010,C24,955906.07,454370.58
2010,D35,588927.97,249036.14
2010,C10-C12,1008920.3,518618.79
2010,C13-C15,518332.72,568960.97
2010,C16,188865.65,143452.65
2010,C17,131174.13,87727.887
2010,C18,69610.68,69666.235
2010,C21,172827.6,108271.55
2010,C22,228117.18,188198.19
2010,C31_C32,188907.87,84295.676
2010,C25,260598.8,206365.64
2010,C26,566498.68,572330.07
2010,C27,438125.47,289707.81
2010,C28,626735.61,566983.09
2010,C29,558956.45,419926.49
2010,C30,143669.03,208008.98
2010,C33,0.0,0.0
2010,F,1074958.3,1591139.6
2010,E36,23682.92,26342.266
2010,E37-E39,19110.46,38960.954
2010,G45,0.0,0.0
2010,G46,1886980.4,1074889.2
2010,G47,390369.94,222368.22
2010,H49,546792.38,661656.42
2010,H50,137465.13,96777.046
2010,H51,47231.21,45350.414
2010,H52,156726.91,96876.202
2010,H53,14655.03,52382.585
2010,I,261433.06,545414.03
2010,J58,0.0,0.0
2010,J59_J60,0.0,0.0
2010,J61,579737.31,163640.95
2010,J62_J63,57135.64,164773.25
2010,K64,1259397.6,680027.55
2010,K65,31643.62,126994.57
2010,K66,0.0,0.0
2010,L68,1923450.7,354750.6
2010,M69_M70,305313.31,428781.84
2010,M71,0.0,0.0
2010,M72,34536.4,96585.861
2010,M73,0.0,0.0
2010,M74_M75,141522.6,335285.47
2010,N,60438.56,95146.089
2010,O84,212348.42,1408682.2
2010,P85,206616.6,997594.64
2010,Q,137323.83,460753.51
2010,R_S,276590.06,583159.11
2010,T,0.0,0.0
2010,U,0.0,0.0
2011,B,1554531.6,1168029.6
2011,C19,445019.11,141085.48
2011,C20,817730.74,378062.77
2011,C23,635949.17,476527.73
2011,C24,1158102.7,578880.02
2011,D35,653583.03,289497.26
2011,C10-C12,1258995.2,651257.21
2011,C13-C15,574344.4,684634.79
2011,C16,231347.83,183672.98
2011,C17,142040.39,104591.35
2011,C18,74221.12,80341.129
2011,C21,199835.26,136621.93
2011,C22,252131.57,232249.99
2011,C31_C32,212077.65,104956.26
2011,C25,289102.33,250752.42
2011,C26,586957.43,694126.37
2011,C27,480165.59,351100.83
2011,C28,716280.51,708372.3
2011,C29,610765.42,480405.94
2011,C30,152064.77,239954.5
2011,C33,0.0,0.0
2011,F,1221018.7,1973247.4
2011,E36,26007.21,30293.245
2011,E37-E39,19897.65,45458.377
2011,G45,0.0,0.0
2011,G46,2240827.3,1358980.6
2011,G47,463572.2,281139.74
2011,H49,568971.65,847956.73
2011,H50,152782.94,121870.31
2011,H51,50331.23,58222.416
2011,H52,161087.15,136267.15
2011,H53,16817.41,61785.425
2011,I,202062.92,715222.05
2011,J58,0.0,0.0
2011,J59_J60,0.0,0.0
2011,J61,666335.84,204877.95
2011,J62_J63,62704.04,197365.55
2011,K64,1455660.5,851454.47
2011,K65,40270.04,148443.89
2011,K66,0.0,0.0
2011,L68,2250398.3,427988.99
2011,M69_M70,322674.01,537660.29
2011,M71,0.0,0.0
2011,M72,42997.8,110672.99
2011,M73,0.0,0.0
2011,M74_M75,162112.71,396689.97
2011,N,67258.3,115081.57
2011,O84,234871.68,1565765.6
2011,P85,226431.74,1216507.3
2011,Q,146986.74,602603.48
2011,R_S,248168.22,780591.55
2011,T,0.0,0.0
2011,U,0.0,0.0
2012,B,1519292.1,1188891.1
2012,C19,463363.84,130922.79
2012,C20,831969.34,383945.99
2012,C23,667914.99,522018.3
2012,C24,1105026.1,580363.48
2012,D35,681599.35,315981.71
2012,C10-C12,1486294.6,773686.43
2012,C13-C15,626439.89,811408.3
2012,C16,267339.02,221803.89
2012,C17,145835.84,118070.17
2012,C18,84247.73,98659.468
2012,C21,237216.24,176736.59
2012,C22,263544.07,270917.41
2012,C31_C32,251871.33,137762.08
2012,C25,347673.02,330095.02
2012,C26,598267.23,829900.8
2012,C27,514145.78,415082.17
2012,C28,686897.92,742581.64
2012,C29,633810.84,521823.28
2012,C30,152485.99,262692.47
2012,C33,0.0,0.0
2012,F,1282341.7,2266791.8
2012,E36,26826.27,32727.807
2012,E37-E39,19344.42,49788.544
2012,G45,0.0,0.0
2012,G46,2487899.3,1604851.2
2012,G47,514685.33,332004.35
2012,H49,546144.02,1011458.7
2012,H50,158720.26,143200.91
2012,H51,49778.76,69552.228
2012,H52,152150.55,174725.45
2012,H53,18084.86,68321.765
2012,I,121959.67,924461.73
2012,J58,0.0,0.0
2012,J59_J60,0.0,0.0
2012,J61,752075.64,250954.2
2012,J62_J63,67290.22,232128.33
2012,K64,1626300.8,1028790.2
2012,K65,49367.31,167809.84
2012,K66,0.0,0.0
2012,L68,2454849.6,481123.4
2012,M69_M70,331035.26,659469.01
2012,M71,0.0,0.0
2012,M72,52407.38,124514.04
2012,M73,0.0,0.0
2012,M74_M75,182326.79,461023.64
2012,N,73320.27,136607.91
2012,O84,261274.14,1750380.2
2012,P85,231653.5,1396617.7
2012,Q,146146.16,752827.03
2012,R_S,184640.8,963974.34
2012,T,0.0,0.0
2012,U,0.0,0.0
2013,B,1726525.8,1351057.5
2013,C19,505419.18,142805.47
2013,C20,880951.63,406550.85
2013,C23,739335.29,577837.83
2013,C24,1062502.8,558030.08
2013,D35,774570.51,359082.08
2013,C10-C12,1584902.6,825016.58
2013,C13-C15,648115.67,839484.28
2013,C16,293487.12,243498.25
2013,C17,151812.97,122909.32
2013,C18,91788.65,107490.36
2013,C21,272856.26,203289.98
2013,C22,287808.97,295861.19
2013,C31_C32,267554.96,146340.3
2013,C25,369239.0,350570.65
2013,C26,642123.76,890737.44
2013,C27,537644.0,434052.84
2013,C28,735574.29,795203.98
2013,C29,728523.13,599800.92
2013,C30,175272.43,301947.41
2013,C33,0.0,0.0
2013,F,1421795.6,2513304.1
2013,E36,30485.41,37191.927
2013,E37-E39,21983.03,56579.774
2013,G45,0.0,0.0
2013,G46,2810081.6,1812679.0
2013,G47,581336.93,374998.82
2013,H49,598600.26,1108607.7
2013,H50,173965.08,156955.12
2013,H51,54559.93,76232.605
2013,H52,166764.36,191507.54
2013,H53,19821.88,74883.958
2013,I,130801.43,991482.75
2013,J58,0.0,0.0
2013,J59_J60,0.0,0.0
2013,J61,854659.86,285184.71
2013,J62_J63,76468.7,263790.97
2013,K64,1903737.4,1204295.3
2013,K65,57789.06,196437.14
2013,K66,0.0,0.0
2013,L68,2827166.5,554093.39
2013,M69_M70,376188.95,749421.54
2013,M71,0.0,0.0
2013,M72,59555.83,141497.94
2013,M73,0.0,0.0
2013,M74_M75,207196.43,523907.93
2013,N,83321.26,155241.42
2013,O84,296912.32,1989134.6
2013,P85,263251.37,1587118.4
2013,Q,166080.71,855513.74
2013,R_S,209826.07,1095461.8
2013,T,0.0,0.0
2013,U,0.0,0.0
2014,B,1944843.8,1521897.9
2014,C19,530373.57,149856.3
2014,C20,924447.35,426623.72
2014,C23,775838.94,606367.78
2014,C24,1114962.3,585582.01
2014,D35,872514.44,404487.77
2014,C10-C12,1663155.0,865750.62
2014,C13-C15,680115.48,880932.64
2014,C16,307977.63,255520.63
2014,C17,159308.52,128977.79
2014,C18,96320.58,112797.55
2014,C21,286328.15,213327.14
2014,C22,302019.12,310468.91
2014,C31_C32,280765.11,153565.65
2014,C25,387469.66,367879.59
2014,C26,673827.68,934716.3
2014,C27,564189.43,455483.6
2014,C28,771892.25,834466.07
2014,C29,764492.94,629415.26
2014,C30,183926.27,316855.64
2014,C33,0.0,0.0
2014,F,1558287.9,2754581.2
2014,E36,34340.27,41894.821
2014,E37-E39,24762.77,63734.249
2014,G45,0.0,0.0
2014,G46,3106222.0,2003708.2
2014,G47,642601.13,414518.07
2014,H49,660990.91,1224155.2
2014,H50,192097.03,173314.17
2014,H51,60246.58,84178.144
2014,H52,184145.81,211467.9
2014,H53,21887.86,82688.93
2014,I,143212.36,1085558.4
2014,J58,0.0,0.0
2014,J59_J60,0.0,0.0
2014,J61,962731.02,321246.13
2014,J62_J63,86138.11,297147.15
2014,K64,2170095.6,1372792.2
2014,K65,65874.52,223921.32
2014,K66,0.0,0.0
2014,L68,2998347.5,587642.98
2014,M69_M70,423757.8,844185.39
2014,M71,0.0,0.0
2014,M72,67086.62,159390.26
2014,M73,0.0,0.0
2014,M74_M75,233396.28,590155.74
2014,N,93857.18,174871.6
2014,O84,334456.68,2240659.3
2014,P85,296539.33,1787808.5
2014,Q,187081.5,963692.88
2014,R_S,236358.44,1233982.3
2014,T,0.0,0.0
2014,U,0.0,0.0
