case_id,year,sector,VA,input_global,CAP,COMP,beta
mapping_reference,2000,m,171624.12285231298,66543.61644317747,896828.91,523971.148,0.2793981109281052
mapping_reference,2001,m,182709.88142495608,69801.01625924674,956439.71,555833.972,0.27642773796852854
mapping_reference,2002,m,191349.80996303156,74966.92985640938,1005197.1599999999,578614.6900000001,0.28149537241720485
mapping_reference,2003,m,212291.57818692512,86991.55511290103,1113913.34,643219.996,0.2906664139530764
mapping_reference,2004,m,234582.73121085373,102755.5338280988,1222547.59,719073.105,0.3046068130344881
mapping_reference,2005,m,274162.8188267685,133341.0166097489,1423568.31,822747.2729999999,0.32721413889740264
mapping_reference,2006,m,329031.676152339,163525.98603095012,1662637.95,960633.341,0.33199358894573305
mapping_reference,2007,m,409644.5876662688,208730.39998079458,1970442.4300000002,1145033.526,0.337546641035758
mapping_reference,2008,m,508113.4784725742,242301.90869435115,2174761.58,1354539.492,0.32289037889951017
mapping_reference,2009,m,568432.761283329,244009.76795040575,2329233.57,1553954.761,0.3003409584928384
mapping_reference,2010,m,631643.0417659117,279004.7607793602,2506756.13,1769191.9479999999,0.3063805348231648
mapping_reference,2011,m,793069.2907506569,347916.7316871093,2944993.42,2178325.639,0.30492637494696917
mapping_reference,2012,m,946063.7582492379,373581.7074801978,3362788.72,2609044.338,0.2830924798985309
mapping_reference,2013,m,1030179.2516606015,433102.0193830938,3598327.2,2783890.26,0.29598001966783927
mapping_reference,2014,m,1090171.3672008172,450335.0124066413,3775989.59,2921340.93,0.2923292096468907
mapping_reference,2000,s,474812.98543073906,61374.725032583694,2125112.06,1805654.273,0.11446499767693195
mapping_reference,2001,s,544579.4454110169,67276.01308182447,2422749.48,2084686.836,0.10995409479150964
mapping_reference,2002,s,613023.0612673361,75017.98819650133,2713753.76,2360268.397,0.10903126819970962
mapping_reference,2003,s,687061.9134093793,80012.83737827402,3094396.31,2592401.999,0.10430904849379366
mapping_reference,2004,s,792014.5044531901,101298.17297475376,3617094.26,2938340.393,0.11339609918714563
mapping_reference,2005,s,927359.50774345,134430.4108845978,4219841.56,3378351.907,0.1266073528540345
mapping_reference,2006,s,1125056.3011968907,155254.71031506002,5048533.36,3921204.6859999998,0.12126327815591925
mapping_reference,2007,s,1480396.4286609704,193892.70628001308,6453765.5600000005,4805115.012,0.11580598728955352
mapping_reference,2008,s,1905334.6403035289,220504.35398831044,7159233.28,6075014.351,0.10372580170953398
mapping_reference,2009,s,2181659.296416473,215992.61873649352,7722257.13,7181517.904,0.09008506087620043
mapping_reference,2010,s,2580327.9038976505,272762.99566721724,8710502.09,8757192.977,0.0956026307149264
mapping_reference,2011,s,3195318.719924472,340504.25709669647,9829227.58,10812899.643000001,0.09630127393525842
mapping_reference,2012,s,3695263.8998421,357353.45826937415,10508281.31,12817312.524,0.08817843548789946
mapping_reference,2013,s,4269847.803350847,386071.6539881499,11970554.37,14482218.074000001,0.0829206040881132
mapping_reference,2014,s,4787099.214220097,418849.7371601634,13226227.3,16182713.833999999,0.08045598239089786
mapping_reference,2000,x,182722.67218466967,188267.009940905,782118.71,730561.329,0.507472361123993
mapping_reference,2001,x,199729.47069250554,201908.37596051965,856450.07,796693.242,0.5027125248357092
mapping_reference,2002,x,222882.24514502328,220331.21556657937,959563.67,885243.685,0.4971221208237357
mapping_reference,2003,x,264107.83172798983,280695.9640043988,1158013.22,1028002.23,0.5152239507198269
mapping_reference,2004,x,319287.8009671221,359105.95039564493,1427571.05,1215146.0690000001,0.5293473733716854
mapping_reference,2005,x,370849.35432001785,461618.0143832379,1660444.43,1378059.09,0.5545178486723218
mapping_reference,2006,x,455760.3724171314,587823.1699183538,2009911.04,1623730.28,0.5632737064852866
mapping_reference,2007,x,589200.1949443456,796004.2419571502,2508631.4899999998,1972421.1269999999,0.5746474821707168
mapping_reference,2008,x,770905.4635564999,1041689.2318874971,2868531.17,2486094.55,0.5746950680733037
mapping_reference,2009,x,888739.7355790847,1119729.1329063948,3089438.19,2981893.4,0.5575038530473941
mapping_reference,2010,x,1111445.8766771764,1316570.52195234,3669542.34,3854461.68,0.5422411984925113
mapping_reference,2011,x,1355132.9015332295,1675262.7731135357,4056354.75,4697959.76,0.5528198139699401
mapping_reference,2012,x,1518400.280556236,1854966.550251016,4215622.48,5368967.18,0.5498858094265188
mapping_reference,2013,x,1694167.3856104014,2095783.497342104,4610172.21,5885617.34,0.5529843425594515
mapping_reference,2014,x,1822692.8472851103,2209147.6987685985,4904086.13,6293397.66,0.5479253639955756
mapping_reference,2000,e,127178.82806809341,83039.67056333723,660211.49,392645.672,0.3950160005134849
mapping_reference,2001,e,140951.34642777193,90173.94852538822,738535.4299999999,428106.51399999997,0.390151794262341
mapping_reference,2002,e,155682.89952946396,102665.86830834982,823373.65,465221.403,0.39739252161946215
mapping_reference,2003,e,188433.39161964858,126422.24534647838,1007015.3099999999,552644.272,0.40152447821691445
mapping_reference,2004,e,234865.52433338948,173528.03977656196,1279615.07,664346.298,0.42490395301587847
mapping_reference,2005,e,285218.7286941815,257193.04201171367,1566000.86,770899.821,0.4741656724687269
mapping_reference,2006,e,350256.7668045702,323568.6327347193,1900991.6600000001,891500.915,0.48019655085123075
mapping_reference,2007,e,462420.18365427427,408703.65526090784,2431359.0300000003,1085491.8800000001,0.4691682594404373
mapping_reference,2008,e,569145.7770799599,614945.505767321,2703973.91,1249250.92,0.5193396106156742
mapping_reference,2009,e,590916.546249218,552064.5385839583,2725790.38,1310993.57,0.48300408983980236
mapping_reference,2010,e,699692.1376276814,730785.4075382601,3192503.39,1544107.29,0.510868143304889
mapping_reference,2011,e,862900.7007033766,1000392.1534029825,3710384.75,1864053.26,0.5368947512455167
mapping_reference,2012,e,900323.3280188955,1031331.6762640785,3749873.62,1933232.27,0.533910907474343
mapping_reference,2013,e,969627.7436316459,1152509.1547878482,3962779.41,2044306.3099999998,0.5430889758555179
mapping_reference,2014,e,1040316.6469412559,1251186.6678181123,4218136.6,2172917.58,0.5460112842775879
mapping_c26,2000,m,199224.56772443114,80104.33469451274,1042500.52,606791.388,0.2867742435559727
mapping_c26,2001,m,212746.77812442457,83558.82641561556,1114939.11,645947.336,0.28200217996323507
mapping_c26,2002,m,225358.48169757784,89886.48962648657,1184657.89,680645.42,0.28513219179659927
mapping_c26,2003,m,254765.92591795922,106020.76417838904,1336477.3,772215.396,0.2938599651502558
mapping_c26,2004,m,294686.45551180316,131217.1132674317,1535268.05,903825.865,0.30809113350127265
mapping_c26,2005,m,344225.90877702466,176808.2870584544,1781868.2,1038499.743,0.33934104224184763
mapping_c26,2006,m,414136.9008137004,213001.80219516528,2083115.94,1218673.851,0.33964065871430377
mapping_c26,2007,m,511274.8895770283,265620.14599670214,2445981.0500000003,1442425.126,0.3418996567542022
mapping_c26,2008,m,624027.1542582568,307294.27447861864,2638492.05,1695932.792,0.32995512075287803
mapping_c26,2009,m,676668.74666435,299976.12647760956,2726076.11,1896514.881,0.3071496454105757
mapping_c26,2010,m,799870.8195931492,353373.51474767353,3073254.81,2341522.0179999997,0.3064168660751813
mapping_c26,2011,m,991375.9638399801,439011.7763862428,3531950.85,2872452.009,0.30691802232366094
mapping_c26,2012,m,1172315.566775929,468827.0034157982,3961055.95,3438945.1380000003,0.28567110008061475
mapping_c26,2013,m,1277604.5207386236,538487.5981265942,4240450.96,3674627.6999999997,0.29650896699175555
mapping_c26,2014,m,1352005.357194321,561217.1005304741,4449817.2700000005,3856057.23,0.29333604059711577
mapping_c26,2000,s,474812.98543073906,61374.725032583694,2125112.06,1805654.273,0.11446499767693195
mapping_c26,2001,s,544579.4454110169,67276.01308182447,2422749.48,2084686.836,0.10995409479150964
mapping_c26,2002,s,613023.0612673361,75017.98819650133,2713753.76,2360268.397,0.10903126819970962
mapping_c26,2003,s,687061.9134093793,80012.83737827402,3094396.31,2592401.999,0.10430904849379366
mapping_c26,2004,s,792014.5044531901,101298.17297475376,3617094.26,2938340.393,0.11339609918714563
mapping_c26,2005,s,927359.50774345,134430.4108845978,4219841.56,3378351.907,0.1266073528540345
mapping_c26,2006,s,1125056.3011968907,155254.71031506002,5048533.36,3921204.6859999998,0.12126327815591925
mapping_c26,2007,s,1480396.4286609704,193892.70628001308,6453765.5600000005,4805115.012,0.11580598728955352
mapping_c26,2008,s,1905334.6403035289,220504.35398831044,7159233.28,6075014.351,0.10372580170953398
mapping_c26,2009,s,2181659.296416473,215992.61873649352,7722257.13,7181517.904,0.09008506087620043
mapping_c26,2010,s,2580327.9038976505,272762.99566721724,8710502.09,8757192.977,0.0956026307149264
mapping_c26,2011,s,3195318.719924472,340504.25709669647,9829227.58,10812899.643000001,0.09630127393525842
mapping_c26,2012,s,3695263.8998421,357353.45826937415,10508281.31,12817312.524,0.08817843548789946
mapping_c26,2013,s,4269847.803350847,386071.6539881499,11970554.37,14482218.074000001,0.0829206040881132
mapping_c26,2014,s,4787099.214220097,418849.7371601634,13226227.3,16182713.833999999,0.08045598239089786
mapping_c26,2000,x,155122.22731255152,174706.2916895697,636447.1,647741.089,0.5296882519987488
mapping_c26,2001,x,169692.57399303702,188150.56580415083,697950.6699999999,706579.878,0.5257906185117522
mapping_c26,2002,x,188873.57341047697,205411.65579650216,780102.94,783212.9550000001,0.5209722317258599
mapping_c26,2003,x,221633.48399695574,261666.75493891077,935449.26,899006.83,0.5414165644011479
mapping_c26,2004,x,259184.07666617268,330644.37095631205,1114850.59,1030393.309,0.5605771852630927
mapping_c26,2005,x,300786.2643697617,418150.7439345324,1302144.54,1162306.62,0.5816236180702327
mapping_c26,2006,x,370655.14775576995,538347.3537541386,1589433.05,1365689.77,0.5922396834551179
mapping_c26,2007,x,487569.8930335861,739114.4959412427,2033092.8699999999,1675029.527,0.602530286179756
mapping_c26,2008,x,654991.7877708173,976696.8661032297,2404800.6999999997,2144701.25,0.598580411639378
mapping_c26,2009,x,780503.7501980637,1063762.774379191,2692595.65,2639333.2800000003,0.5767944926631622
mapping_c26,2010,x,943218.0988499388,1242201.7679840266,3103043.66,3282131.61,0.5684041711323938
mapping_c26,2011,x,1156826.2284439064,1584167.7284144023,3469397.32,4003833.39,0.5779537471983902
mapping_c26,2012,x,1292148.4720295449,1759721.2543154156,3617355.25,4539066.38,0.5766043154217225
mapping_c26,2013,x,1446742.1165323793,1990397.9185986037,3968048.45,4994879.9,0.5790854891726147
mapping_c26,2014,x,1560858.8572916065,2098265.6106447657,4230258.45,5358681.36,0.5734337897032837
mapping_c26,2000,e,127178.82806809341,83039.67056333723,660211.49,392645.672,0.3950160005134849
mapping_c26,2001,e,140951.34642777193,90173.94852538822,738535.4299999999,428106.51399999997,0.390151794262341
mapping_c26,2002,e,155682.89952946396,102665.86830834982,823373.65,465221.403,0.39739252161946215
mapping_c26,2003,e,188433.39161964858,126422.24534647838,1007015.3099999999,552644.272,0.40152447821691445
mapping_c26,2004,e,234865.52433338948,173528.03977656196,1279615.07,664346.298,0.42490395301587847
mapping_c26,2005,e,285218.7286941815,257193.04201171367,1566000.86,770899.821,0.4741656724687269
mapping_c26,2006,e,350256.7668045702,323568.6327347193,1900991.6600000001,891500.915,0.48019655085123075
mapping_c26,2007,e,462420.18365427427,408703.65526090784,2431359.0300000003,1085491.8800000001,0.4691682594404373
mapping_c26,2008,e,569145.7770799599,614945.505767321,2703973.91,1249250.92,0.5193396106156742
mapping_c26,2009,e,590916.546249218,552064.5385839583,2725790.38,1310993.57,0.48300408983980236
mapping_c26,2010,e,699692.1376276814,730785.4075382601,3192503.39,1544107.29,0.510868143304889
mapping_c26,2011,e,862900.7007033766,1000392.1534029825,3710384.75,1864053.26,0.5368947512455167
mapping_c26,2012,e,900323.3280188955,1031331.6762640785,3749873.62,1933232.27,0.533910907474343
mapping_c26,2013,e,969627.7436316459,1152509.1547878482,3962779.41,2044306.3099999998,0.5430889758555179
mapping_c26,2014,e,1040316.6469412559,1251186.6678181123,4218136.6,2172917.58,0.5460112842775879
