calendar_date,local_date,resource_tax,service_wedge,conditional_pigou_tax,resource_log_wedge_welfare_gradient_in_anchor_units,service_log_wedge_welfare_gradient_in_anchor_units,policy_extraction,baseline_extraction,policy_burden,baseline_burden,policy_capital,baseline_capital,policy_reserves,baseline_reserves
10,0,0.137613569995543,0,0.138032416845589,-6.0532251841455e-06,NaN,15430.7484333195,16795.5079704027,6.38241050401792,6.38241050401792,442.751428457678,442.751428457678,564618.840750016,564618.840750016
11,1,0.134425873432851,0,0.134844199035556,-6.09846774316367e-06,NaN,14987.4865408687,16215.0185224052,6.71923434921407,6.77040284366564,499.362585272405,502.504663327137,549188.092316696,547823.332779613
12,2,0.131169232690057,0,0.131587051578838,-6.14309036791348e-06,NaN,14563.1009943653,15668.2799271724,7.0410933607319,7.13493507078252,562.897980833164,569.196285256372,534200.605775827,531608.314257208
13,3,0.12786253162854,0,0.128279853583047,-6.18723621260117e-06,NaN,14155.6762781177,15151.011133838,7.34884099346684,7.47837349682979,634.23809932099,643.712691256634,519637.504781462,515940.034330035
14,4,0.124522476733383,0,0.124939307508937,-6.23155855153621e-06,NaN,13763.6201510247,14659.735087095,7.64322170616853,7.80266178661715,714.372540391876,727.048778334749,505481.828503345,500789.023196197
15,5,0.121163844468727,0,0.121580186058955,-6.27639637665234e-06,NaN,13385.6009342569,14191.6110745002,7.92489342527264,8.10941281727762,804.413674297126,820.321114377353,491718.20835232,486129.288109102
16,6,0.117799691708886,0,0.118215542984587,-6.32165633966613e-06,NaN,13020.4977578939,13744.3034256134,8.19444488018292,8.39997980312251,905.61200178758,924.782850456688,478332.607418063,471937.677034602
17,7,0.114441538278602,0,0.114856894994976,-6.36785417103167e-06,NaN,12667.360923353,13315.8784028001,8.45240900341997,8.67551140324574,1019.37342765141,1041.84055817675,465312.109660169,458193.373608989
18,8,0.11109952485065,0,0.111514380234991,-6.41506302167033e-06,NaN,12325.3802559973,12904.7230353935,8.6992733080205,8.93699444892549,1147.27868342598,1173.0732071572,452644.748736816,444877.495206189
19,9,0.107782553158329,0,0.108196897524585,-6.46350316486566e-06,NaN,11993.8597135706,12509.4810895427,8.93548794275761,9.185287097903,1291.10516503458,1320.25353077769,440319.368480819,431972.772170795
20,10,0.104498407922995,0,0.104912229600349,-6.51329813833277e-06,NaN,11672.1970088817,12129.0024576884,9.16147196057063,9.42114458371717,1452.85148419771,1485.37206371913,428325.508767248,419463.291081252
21,11,0.101253868571848,0,0.101667152886719,-6.56525696955675e-06,NaN,11359.867122589,11762.3030835299,9.37761821339645,9.64523923579665,1634.76507055054,1670.66417340218,416653.311758366,407334.288623564
22,12,0.0980548049839507,0,0.0984675357902067,-6.61870437183031e-06,NaN,11056.4090356696,11408.5331758759,9.58429718712954,9.85817606597427,1839.37320246043,1878.64044986066,405293.444635777,395571.985540034
23,13,0.0949062682204689,0,0.0953184271039251,-6.67417656555211e-06,NaN,10761.4148875076,11066.9519558426,9.78186002230431,10.0605049235523,2069.51789323021,2112.12086562055,394237.035600108,384163.452364158
24,14,0.0918125701352987,0,0.0922241358045951,-6.73207114810402e-06,NaN,10474.5211861815,10736.9075618662,9.97064090363273,10.2527299941583,2328.3951103926,2374.2731695296,383475.6207126,373096.500408316
25,15,0.0887773536632339,0,0.0891883032885525,-6.79238413035466e-06,NaN,10195.4016567782,10417.8210322562,10.1509589633588,10.4353172421644,2619.59886676185,2668.65603698983,373001.099526419,362359.59284645
26,16,0.0858036603674962,0,0.0862139689121667,-6.85524927380956e-06,NaN,9923.76132496229,10109.1735152289,10.3231198094624,10.6087002606909,2947.17078904978,2999.2675645388,362805.69786964,351941.771814193
27,17,0.0828939897587008,0,0.0833036295631117,-6.92112521700917e-06,NaN,9659.33168484403,9810.49603641486,10.4874167609397,10.773284888162,3315.65584307048,3370.5997701435,352881.936544678,341832.598298964
28,18,0.0800503525568079,0,0.0804592938780908,-6.99019274326443e-06,NaN,9401.86672413062,9521.36129500702,10.6441318567497,10.9294528690797,3730.1649808036,3787.699842945,343222.604859834,332022.10226255
29,19,0.0772743210095768,0,0.0776825316353217,-7.06248393838454e-06,NaN,9151.13961013941,9241.3770706524,10.7935366888805,11.0775647737531,4196.44556936951,4256.23897867303,333820.738135703,322500.740967543
30,20,0.07456707338428,0,0.0749745187806566,-7.13833562342828e-06,NaN,8906.93995805227,8970.18091052011,10.9358930970702,11.2179623430259,4720.96056738158,4782.58974081777,324669.598525564,313259.36389689
31,21,0.0719294359503578,0,0.0723360784890536,-7.21817279291635e-06,NaN,8669.07153722904,8707.43583483002,11.07145375579,11.3509703863606,5310.977535574,5373.91300433462,315762.658567512,304289.18298637
32,22,0.0693619188711741,0,0.0697677186167579,-7.30210140417638e-06,NaN,8437.35038642651,8452.82685348269,11.2004626756884,11.4768983324905,5974.66870177547,6038.25566977242,307093.587030283,295581.74715154
33,23,0.0668647523916874,0,0.0672696658601391,-7.39058133544661e-06,NaN,8211.60319016217,8206.05812937981,11.3231556385321,11.5960415093042,6721.22345450522,6784.66048305604,298656.236643856,287128.920298057
34,24,0.0644379157583666,0,0.0648418969050567,-7.48362436963638e-06,NaN,7991.66596526463,7966.85065800071,11.439760577546,11.7086822122009,7560.97480525929,7623.28946174211,290444.633453694,278922.862168678
35,25,0.0620811677453583,0,0.062484166821782,-7.58172341064128e-06,NaN,7777.38290252686,7734.9403596894,11.550497915962,11.8150906066819,8505.54155732113,8565.56261467055,282452.96748843,270956.011510677
36,26,0.0597940711704276,0,0.0601960349371227,-7.68557216003154e-06,NaN,7568.60542755063,7510.07650240583,11.6555808698954,11.9155255005417,9567.98812650922,9624.31385110324,274675.584585903,263221.071150987
37,27,0.0575760165821682,0,0.0579768883936528,-7.79505969062272e-06,NaN,7365.19138833438,7292.02038957221,11.7552157237363,12.0102350129843,10763.004208518,10813.9662105395,267106.979158352,255710.994648582
38,28,0.055426244606044,0,0.0558259635876454,-7.91076978733762e-06,NaN,7167.00435646368,7080.54426102704,11.8496020823442,12.0994571617906,12107.1067548054,12150.7288086423,259741.787770018,248418.974259009
39,29,0.0533438643124527,0,0.053742365660873,-8.0331879418981e-06,NaN,6973.91305382171,6875.43036571241,11.9389331037087,12.1834203848788,13618.8670242853,13652.8181917174,252574.783413554,241338.429997982
40,30,0.051327871582661,0,0.0517250862064037,-8.16237197878894e-06,NaN,6785.79084475491,6676.47017314178,12.0233957161042,12.2623440089089,15319.1658262415,15340.7071260243,245600.870359732,234462.99963227
41,31,0.0493771648227855,0,0.0497730193354837,-8.29925135814403e-06,NaN,6602.51531216184,6483.46369738019,12.1031708214149,12.3364386747408,17231.4804501089,17237.4042234304,238815.079514977,227786.529459128
42,32,0.0474905596721181,0,0.0478849762404542,-8.44365485009603e-06,NaN,6423.96788936455,6296.21891257577,12.1784334870523,12.4059067273633,19382.2072162566,19368.7682266804,232212.564202815,221303.065761748
43,33,0.0456668023784982,0,0.0460596983778084,-8.5963918743459e-06,NaN,6250.03354369357,6114.55124329978,12.2493531278329,12.470942576225,21801.0240670625,21763.8612516222,225788.596313451,215006.846849172
44,34,0.0439045806790382,0,0.04429586938555,-8.75770819251013e-06,NaN,6080.60051610166,5938.28311629951,12.3160936790865,12.5317330305975,24521.2981663364,24455.3458165793,219538.562769757,208892.295605872
45,35,0.0422025353831882,0,0.0425921258398304,-8.92760583111304e-06,NaN,5915.56007966053,5767.24356293596,12.3788137624818,12.5884576136023,27580.5440961227,27479.9310879949,213457.962253656,202954.012489573
46,36,0.0405592696101529,0,0.0409470669476963,-9.10649287694693e-06,NaN,5754.80634279103,5601.26786369379,12.4376668446912,12.6412888577616,31020.9389230699,30878.8744446798,207542.402173995,197186.768926637
47,37,0.0389733572153504,0,0.0393592632650225,-9.294240781769e-06,NaN,5598.23607771729,5440.19722783824,12.4928013900926,12.6903925843413,34889.9011946594,34698.5452196897,201787.595831204,191585.501062943
48,38,0.0374433501344008,0,0.0378272645217123,-9.49090019072591e-06,NaN,5445.7485735089,5283.87850263736,12.5443610079973,12.7359281682957,39240.7417971802,38991.0583293909,196189.359753487,186145.303835105
49,39,0.0359677852885921,0,0.0363496066297796,-9.69573921213241e-06,NaN,5297.24550534362,5132.16390763531,12.5924845949291,12.7780487902736,44133.3955930127,43814.9864552881,190743.611179978,180861.425332467
50,40,0.034545190366259,0,0.034924817944009,-9.90831304252294e-06,NaN,5152.6308238286,4984.91079031853,12.6373064722146,12.8169016768719,49635.2438579076,49236.1605187569,185446.365674634,175729.261424832
51,41,0.0331740886450449,0,0.0335514248393801,-1.01272496700606e-05,NaN,5011.81066058007,4841.98140019673,12.6789565193435,12.8526283301114,55822.038786232,55328.5693966633,180293.734850806,170744.350634514
52,42,0.0318530036277903,0,0.0322279566643709,-1.03509132183352e-05,NaN,4874.69324212458,4703.24267886411,12.7175603034512,12.8853647469504,62778.9427310152,62175.371183479,175281.924190226,165902.369234317
53,43,0.0305804612384234,0,0.0309529501246163,-1.0576903934108e-05,NaN,4741.18882832711,4568.56606404445,12.7532392050104,12.9152416295191,70601.6964119584,69870.0298314968,170407.230948101,161199.126555453
54,44,0.0293549955214027,0,0.0297249531469951,-1.08021936914707e-05,NaN,4611.20962827407,4437.82730597063,12.7861105404729,12.9423845866645,79397.9321141858,78517.5927160016,165666.042119774,156630.560491408
55,45,0.0281751486513517,0,0.0285425282704407,-1.1022867686795e-05,NaN,4484.66976347285,4310.90629473199,12.8162876808329,12.9669143273126,89288.6498293308,88236.1266002176,161054.8324915,152192.733185438
56,46,0.0270394744559039,0,0.027404255605833,-1.12340474875831e-05,NaN,4361.4852069033,4187.68689744627,12.8438801678112,12.9889468460975,100409.876616923,99158.3316419307,156570.162728027,147881.826890706
57,47,0.0259465396820815,0,0.0263087354041299,-1.14303078232389e-05,NaN,4241.57374141366,4068.05680429741,12.8689938265969,13.0085936016542,112914.531883376,111433.355519515,152208.677521124,143694.139993259
58,48,0.0248949251335086,0,0.0252545902686633,-1.16047901141719e-05,NaN,4124.85492051768,3951.90738262636,12.8917308758226,13.0259616879345,126974.524160784,125228.832493021,147967.10377971,139626.083188962
59,49,0.0238832279436639,0,0.0242404670446391,-1.1750024693697e-05,NaN,4011.25002337966,3839.13353838188,12.9121900347864,13.0411539988739,142783.108124433,140733.175293463,143842.248859193,135674.175806336
60,50,0.0229100555659542,0,0.0232650384162459,-1.18561968994612e-05,NaN,3900.68206407337,3729.6335843365,12.9304666276561,13.0542693867076,160557.534129808,158158.151192614,139830.998835813,131835.042267954
61,51,0.0219740405868718,0,0.0223270042390562,-1.19143122845134e-05,NaN,3793.07566923678,3623.30911455146,12.9466526866747,13.0654028142163,180542.026786607,177741.777493756,135930.31677174,128105.408683617
62,52,0.0210738392711392,0,0.021425092633752,-1.1915731394006e-05,NaN,3688.35706631202,3520.06488464088,12.9608370493054,13.0746455011597,203011.132929909,199751.576054258,132137.241102503,124482.099569066
63,53,0.020208128621543,0,0.0205580608645279,-1.18516655229607e-05,NaN,3586.4540784777,3419.80869743871,12.9731054536906,13.0820850651411,228273.485165267,224488.231363234,128448.884036191,120962.034684425
64,54,0.0193756121267761,0,0.0197246960235856,-1.17135716324292e-05,NaN,3487.29606828371,3322.45129371764,12.9835406326032,13.0878056571332,256676.03267098,252289.702219221,124862.429957713,117542.225986986
65,55,0.0185750291937041,0,0.018923815541564,-1.14952404764736e-05,NaN,3390.8138662796,3227.90624764653,12.9922224039031,13.0918880918819,288608.796995125,283535.843259283,121375.133889429,114219.774693269
66,56,0.0178051515559508,0,0.0181542675421166,-1.11920881855853e-05,NaN,3296.93977603698,3136.08986670361,12.9992277570222,13.094409973393,324510.217748208,318653.599567193,117984.32002315,110991.868445622
67,57,0.0170647762101126,0,0.0174149310570095,-1.07988799447767e-05,NaN,3205.6075930939,3046.92109579183,13.0046309384565,13.0954458156984,364873.161858096,358122.845429796,114687.380247113,107855.778578919
68,58,0.0163527699915749,0,0.0167047161166908,-1.03187052052742e-05,NaN,3116.75235839343,2960.32142532193,13.0085035367058,13.095067159089,410251.679062216,402482.947124653,111481.772654019,104808.857483127
69,59,0.0156680203631397,0,0.0160225637308937,-9.75265344740175e-06,NaN,3030.31060368687,2876.21480305266,13.0109145566149,13.0933426819898,461268.593072319,452340.139529206,108365.020295625,101848.536057805
70,60,0.0150094217144302,0,0.0153674457708987,-9.09750595468565e-06,NaN,2946.22038790145,2794.52754949094,13.011930502146,13.0903383086509,518624.037372535,508375.817477611,105334.709691938,98972.3212547521
71,61,0.0143759243269061,0,0.0147383647648521,-8.35490543651097e-06,NaN,2864.42103519504,2715.18827667192,13.0116154590254,13.0861173128136,583105.051859379,571355.855308395,102388.489304037,96177.7937052612
72,62,0.0137665170488712,0,0.0141343536174145,-7.52794668536632e-06,NaN,2784.85320788524,2638.12781015101,13.0100311660141,13.0807404175099,655596.366905752,642141.082115579,99524.068268842,93462.6054285893
73,63,0.0131801991478152,0,0.013554475262944,-6.61605095891846e-06,NaN,2707.4590126152,2563.27911405176,13.0072370880437,13.0742658911436,737092.526746491,721699.056030356,96739.2150609568,90824.4776184382
74,64,0.01261606169994,0,0.0129978222605496,-5.62877856559373e-06,NaN,2632.18162064486,2490.57721902349,13.0032904922074,13.0667496399953,828711.520613486,811117.298636309,94031.7560483416,88261.1985043865
75,65,0.0120732180425511,0,0.012463516339891,-4.5736368346268e-06,NaN,2558.96556803637,2419.9591529727,12.9982465081091,13.0582452972897,931710.095960727,911618.170601713,91399.5744276967,85770.621285363
76,66,0.0115508189978434,0,0.0119507079039466,-3.45855087581306e-06,NaN,2487.75666504396,2351.36387443958,12.9921581990292,13.0488043089561,1047500.9790351,1024575.5920712,88840.6088596604,83350.6621323903
77,67,0.0110480549524455,0,0.0114585754954576,-2.29221427982283e-06,NaN,2418.50196772785,2284.73220849925,12.985076628385,13.0384760162071,1177672.23041292,1151533.83660326,86352.8521946164,80999.2982579507
78,68,0.0105641546335488,0,0.0109863252329431,-1.08383859404628e-06,NaN,2351.14976326488,2220.00678507431,12.9770509240754,13.0273077350583,1324009.00154316,1294228.65581537,83934.3502268885,78714.5660494514
79,69,0.0100983849570391,0,0.0105331902215808,1.56923170998868e-07,NaN,2285.64955026521,2157.13197955114,12.9681283412847,13.0153448329034,1488517.9905355,1454611.02379296,81583.2004636236,76494.5592643771
80,70,0.00965004971515227,0,0.010098429943737,1.4201188462446e-06,NaN,2221.95202301303,2096.0538555993,12.9583543235828,13.0026308022573,1673454.93175825,1634873.82616899,79297.5509133584,74337.427284826
81,71,0.00921848839797496,0,0.00968132963344951,2.695779651668e-06,NaN,2160.00905436476,2036.72011009734,12.9477725625066,12.9892073317731,1881355.49571736,1837481.85907773,77075.5988903454,72241.3734292267
82,72,0.00880307495184871,0,0.00928119963873049,3.97376092025418e-06,NaN,2099.77367819294,1979.08002007511,12.936425055597,12.975114374637,2115070.02215157,2065205.54848122,74915.5898359806,70204.6533191293
83,73,0.00840321633300184,0,0.00889737477515912,5.24445958556533e-06,NaN,2041.20007190923,1923.08439158581,12.924352162907,12.9603902144375,2377802.56175837,2321158.85127989,72815.8161577877,68225.5732990542
84,74,0.00801835091679823,0,0.00852921367386872,6.49841315974746e-06,NaN,1984.24353884557,1868.68551042659,12.9115926620147,12.9450715286063,2673154.76097389,2608841.85684598,70774.6160858784,66302.4889074684
85,75,0.00764794665738755,0,0.00817609812669693,7.72662408727373e-06,NaN,1928.86049084355,1815.83709462988,12.8981838015667,12.9291934495196,3005175.19051917,2932188.67194433,68790.3725470329,64433.8033970418
86,76,0.00729150044103836,0,0.00783743243096218,8.92056114972048e-06,NaN,1875.00842660251,1764.49424865178,12.8841613533902,12.9127896233484,3378414.79301638,3295621.24430848,66861.5120561893,62617.9663024119
87,77,0.00694853544862018,0,0.00751264273605726,1.00724694074563e-05,NaN,1822.64591601634,1714.61341918767,12.8695596630453,12.8958922667411,3797989.20802395,3704109.86141189,64986.5036295868,60853.4720537601
88,78,0.006618600109841,0,0.00720117639378449,1.11750714817102e-05,NaN,1771.7325790884,1666.15235254797,12.8544116990794,12.8785322214192,4269648.82842042,4163241.15232591,63163.8577135705,59138.8586345725
89,79,0.00630126631912671,0,0.00690250131413439,1.22219875936043e-05,NaN,1722.22906696269,1619.07005353106,12.8387491008057,12.8607390067641,4799857.54628964,4679294.52323825,61392.1251344821,57472.7062820245
90,80,0.00599612843492215,0,0.00661610532799381,1.32074953158561e-05,NaN,1674.09704056065,1573.32674573247,12.8226022247174,12.8425408704683,5395881.26646433,5259328.07262411,59669.8960675194,55853.6362284934
91,81,0.00570280090398036,0,0.00634149555807982,1.4126628935345e-05,NaN,1627.29915302421,1528.88383323299,12.8060001894794,12.8239648373238,6065887.39864874,5911275.16179529,57995.7990269587,54280.309482761
92,82,0.00542091787994899,0,0.00607819779921578,1.49752108416737e-05,NaN,1581.79902661612,1485.70386361106,12.7889709196732,12.8050367562163,6819056.69096282,6644052.96237764,56368.4998739345,52751.425649528
93,83,0.00515013169169174,0,0.00582575590891382,1.57498864544471e-05,NaN,1537.56123301925,1443.75049222639,12.7715411881085,12.78578134539,7665708.93400408,7467684.46617825,54786.7008473184,51265.7217859169
94,84,0.00489011172192365,0,0.00558373120908003,1.64479069185393e-05,NaN,1494.55127266628,1402.98844772576,12.7537366568661,12.7662222360491,8617444.25677287,8393435.62714597,53249.1396142992,49821.9712936905
95,85,0.0046405436813867,0,0.00535170189952841,1.70672536377188e-05,NaN,1452.73555336615,1363.3834987225,12.7355819170609,12.7463820143549,9687301.94806652,9433969.51222205,51754.5883416329,48418.9828459648
96,86,0.00440112914448359,0,0.00512926248387383,1.76064595294432e-05,NaN,1412.08136872585,1324.90242160498,12.7171005273253,12.7262822618782,10889938.9765802,10603519.570658,50301.8527882667,47055.5993472423
97,87,0.00417158451602317,0,0.00491602320826735,1.80648147195452e-05,NaN,1372.55687833648,1287.51296942987,12.6983150510322,12.7059435945645,12241830.6524301,11918084.3930295,48889.7714195409,45730.6969256373
98,88,0.00395164152117713,0,0.00471160951333955,1.84418776656509e-05,NaN,1334.13108490787,1251.18384185944,12.6792470923521,12.6853857002646,13761496.1772071,13395646.6252813,47517.2145412044,44443.1839562074
99,89,0.00374104691913659,0,0.00451566149963575,1.87376928231718e-05,NaN,1296.7738138544,1215.88465610248,12.6599173310495,12.6646273748849,15469752.1665364,15056419.0337213,46183.0834562965,43192.000114348
100,90,0.00353956315381289,0,0.00432783340674588,1.89525987795109e-05,NaN,1260.45569142872,1181.58591882165,12.6403455561405,12.6436865572062,17389997.6152352,16923121.0884707,44886.3096424421,41976.1154582455
101,91,0.00334823413429123,0,0.00414779310626576,1.89914055568912e-05,NaN,1225.14558317093,1148.25899897051,12.620550698376,12.6225803624209,19548534.2017535,19021289.8505534,43625.8539510134,40794.5295394238
102,92,0.00316685804997404,0,0.00397522161082856,1.88609788689359e-05,NaN,1190.81581945038,1115.87610152571,12.6005507663569,12.6013251144341,21974922.1878056,21379629.4172885,42400.7083678425,39646.2705404533
103,93,0.00299395745626454,0,0.00380981259447618,1.86588773482456e-05,NaN,1157.44187428235,1084.41024208118,12.5803629844958,12.5799363769747,24702387.49092,24030403.7083671,41209.8925483921,38530.3944389276
104,94,0.0028292109792113,0,0.00365127192514694,1.83926819961518e-05,NaN,1124.99756068851,1053.8352222726,12.5600039108549,12.5584289835584,27768281.2081762,27009877.9681583,40052.4506741097,37445.9841968464
105,95,0.00267230561983257,0,0.00349931721319989,1.80697861799867e-05,NaN,1093.45738394363,1024.12560600161,12.5394893689795,12.5368170663459,31214587.5625659,30358815.0265326,38927.4531134212,36392.1489745738
106,96,0.00252293679392543,0,0.00335367737366908,1.76969938609908e-05,NaN,1062.796524577,995.256696430801,12.5188344748849,12.5151140839347,35088498.5713914,34123033.1099289,37833.9957294776,35368.0233685722
107,97,0.00238080877533359,0,0.00321409220210182,1.72807004918223e-05,NaN,1032.99082102693,967.204513721401,12.4980536631689,12.4933328481247,39443059.9927557,38354032.8367852,36771.1992049006,34372.7666721414
108,98,0.00224563454869167,0,0.00308031196380788,1.68269656785814e-05,NaN,1004.01675371711,939.945773487191,12.4771607122464,12.4714855496935,44337897.3886424,43109701.9783325,35738.2083838737,33405.56215842
109,99,0.00211713574501418,0,0.00295209699632123,1.63413107626805e-05,NaN,975.85142928581,913.457865938685,12.4561687687727,12.4495837832178,49840032.2447804,48455107.630078,34734.1916301566,32465.6163849328
110,100,0.00199504316888137,0,0.00282921732485533,1.58289418748175e-05,NaN,948.472564213443,887.718835693354,12.4350903712683,12.4276385709761,56024799.3176632,54463386.6356388,33758.3402008708,31552.1585189941
111,101,0.00187909602479442,0,0.00271145229051623,1.52946084723688e-05,NaN,921.858470884099,862.707362227991,12.4139374729336,12.4056603859639,62976877.7598214,61216746.4493124,32809.8676366573,30664.4396833008
112,102,0.00176904259844068,0,0.00259859019102113,1.47427510530269e-05,NaN,895.988041650853,838.402740950966,12.3927214637555,12.383659174056,70791450.1472967,68807590.1352862,31888.0091657732,29801.7323210728
113,103,0.00166463993079744,0,0.00249042793365961,1.41774173283997e-05,NaN,870.840734847686,814.784864872334,12.3714531918377,12.3616443753445,79575505.2623976,77339780.900383,30992.0211241224,28963.3295801218
114,104,0.0015657225606514,0,0.00238677070022346,1.35986410775261e-05,NaN,846.396465023798,791.834206851202,12.3501429840402,12.3396249446837,89449302.4732494,86930063.4669684,30121.1803892747,28148.5447152495
115,105,0.00147224225588104,0,0.00228743162367136,1.30011156424529e-05,NaN,822.635547177507,769.531802400297,12.3288006623427,12.3176093714699,100548016.726662,97709661.7392484,29274.7839242509,27356.7105083983
116,106,0.00138372613847256,0,0.0021922314762507,1.24013431707815e-05,NaN,799.539411050826,747.859233028495,12.3074355582026,12.2956056986836,113023586.367309,109826074.629039,28452.1483770734,26587.178705998
117,107,0.00129995684483541,0,0.00210099836843643,1.1802197184429e-05,NaN,777.089643783068,726.798610102826,12.2860565538448,12.2736215412208,127046799.260983,123445094.619221,27652.6089660225,25839.3194729695
118,108,0.00122072694288577,0,0.00201356745887307,1.12062838222702e-05,NaN,755.268328542722,706.33255921245,12.2646720859786,12.2516641035399,142809627.158576,138753076.691622,26875.5193222395,25112.5208628667
119,109,0.00114583861089584,0,0.00192978067483178,1.06157892662784e-05,NaN,734.058032561834,686.444205017262,12.2432901631431,12.2297401966468,160527853.268922,155959488.672725,26120.2509936968,24406.1883036542
120,110,0.00107510345398753,0,0.00184948644288496,1.00327590882457e-05,NaN,713.441795251788,667.117156564931,12.2219183824828,12.2078562544442,180444025.777432,175299777.902277,25386.1929611349,23719.744098637
121,111,0.00101022100137216,0,0.00177253942950142,9.37837485829542e-06,NaN,693.400975005818,648.335493060617,12.2005639459612,12.1860183494671,202830777.754589,197038593.459286,24672.7511658831,23052.626942072
122,112,0.000949606635005544,0,0.00169880029207345,8.71849588828514e-06,NaN,673.921232877838,630.083750074079,12.1792335957376,12.1642322080264,227994495.216289,221473408.046336,23979.3501908773,22404.2914490114
123,113,0.000892491599795781,0,0.00162813543774444,8.07880977333949e-06,NaN,654.987606254452,612.346906169841,12.1579337790429,12.1425032247819,256279603.102833,248938589.103139,23305.4289579995,21774.2076989373
124,114,0.000838667899999506,0,0.00156041679178557,7.46051842550546e-06,NaN,636.58490913785,595.110369946062,12.1366706178286,12.1208364767664,288073264.964107,279809974.868792,22650.441351745,21161.8607927675
125,115,0.00078793844266884,0,0.0014955215749882,6.86423032636062e-06,NaN,618.698365968236,578.359967468889,12.1154498969152,12.099236736879,323810665.412992,314510018.023285,22013.8564426072,20566.7504228214
126,116,0.000740116579284955,0,0.00143333208952721,6.29042535491217e-06,NaN,601.313601333884,562.081930089124,12.0942770777108,12.0777084868679,363980966.278658,353513567.307215,21395.158076639,19988.3904553525
127,117,0.000695027265898993,0,0.0013737355130188,5.73905251992907e-06,NaN,584.416628329501,546.262882628785,12.0731573114202,12.0562559298209,409134001.485421,397354366.250516,20793.8444753051,19426.3085252634
128,118,0.000652509350145023,0,0.00131662370050154,5.20961035637954e-06,NaN,567.993836292384,530.889831925387,12.0520954517091,12.0348830021813,459887802.155025,446632357.956032,20209.4278469756,18880.0456426346
129,119,0.000612384433113503,0,0.00126189299407441,4.7021575661657e-06,NaN,552.032009423963,515.950155722367,12.0310960668173,12.0135933853056,516937054.721654,502021895.916095,19641.4340106832,18349.1558107092
130,120,0.000574492697282567,0,0.00120944403992308,4.21604644748638e-06,NaN,536.518282153097,501.431591894565,12.0101634522945,11.9923905165813,581062610.472379,564280973.24106,19089.4020012592,17833.2056549869
131,121,0.000538678188376882,0,0.00115918161248973,3.75043438854238e-06,NaN,521.440143520097,487.322227997802,11.9893016419258,11.9712776001186,653142172.038698,634261596.617689,18552.8837191062,17331.7740630923
132,122,0.00050478693270479,0,0.0011110144455326,3.30424715707218e-06,NaN,506.785428903511,473.610491132114,11.9685144187924,11.9502576170331,734162306.40922,712921446.983058,18031.4435755861,16844.4518350945
133,123,0.000472665929960576,0,0.00106485506983214,2.87613340595461e-06,NaN,492.542311100805,460.285138108894,11.9478053259588,11.929333335333,825231948.219901,801336986.510924,17524.6581466825,16370.8413439624
134,124,0.000442160932757832,0,0.0010206196573065,2.46456683720337e-06,NaN,478.699292560543,447.335245911923,11.9271776767691,11.9085073194267,927597578.183027,900718191.30306,17032.1158355817,15910.5562058535
135,125,0.000413114235754303,0,0.00097822787130577,2.06769593582893e-06,NaN,465.245197659238,434.750202443117,11.9066345648021,11.8877819392621,1042660284.73098,1012425111.42907,16553.4165430212,15463.2209599416
136,126,0.000385362574015047,0,0.000937602722859986,1.68338579068061e-06,NaN,452.169164981852,422.519697543975,11.8861788734915,11.8671593791137,1171994942.73535,1137986484.9691,16088.171345362,15028.4707574985
137,127,0.00035873422506218,0,0.000898670432663139,1.30915260819894e-06,NaN,439.460640304799,410.633714284039,11.865813285415,11.8466416460285,1317371772.26127,1279120660.827,15636.0021803801,14605.9510599545
138,128,0.000333045115946532,0,0.000861360298580971,9.42077592332199e-07,NaN,427.109370344458,399.082520507875,11.8455402912834,11.826230577943,1480780573.27185,1437759116.68162,15196.5415400753,14195.3173456704
139,129,0.00030809528413692,0,0.000825604568476918,5.78757451905779e-07,NaN,415.105396268818,387.856660632564,11.8253621986611,11.805927851485,1664457969.29799,1616072893.96379,14769.4321697309,13796.2348251626
140,130,0.000283663548275998,0,0.000791338318156861,2.15186562230604e-07,NaN,403.43904850594,376.946947687906,11.8052811404107,11.7857349894693,1870918034.5559,1816502311.67176,14354.326773462,13408.37816453
141,131,0.000259501756728285,0,0.00075849933423929,-1.53353327706031e-07,NaN,392.100941811367,366.344455591634,11.7852990829115,11.7656533681001,2102986726.58861,2041790365.71579,13950.8877249561,13031.4312168421
142,132,0.000235327498341427,0,0.00072702800176364,-5.3245831228825e-07,NaN,381.081971343809,356.040511652507,11.7654178340633,11.7456842238904,2363840599.55763,2295020270.92637,13558.7867831447,12665.0867612505
143,133,0.000210815355794429,0,0.000696867196355596,-9.28729632043741e-07,NaN,370.373309634899,346.02668929407,11.7456390511111,11.7258286603085,2657050333.99913,2579657659.56178,13177.7048118009,12309.046249598
144,134,0.000185586051745935,0,0.000667962180773815,-1.35010519816262e-06,NaN,359.966404821419,336.294800992447,11.7259642483242,11.7060876541613,2986629687.47871,2899598013.88435,12807.331502166,11963.0195603039
145,135,0.000159194053617726,0,0.000640260505668472,-1.80606402721651e-06,NaN,349.852979766423,326.836891421368,11.7063948045725,11.6864620617249,3357090548.96896,3259219982.01418,12447.3650973446,11626.7247593114
146,136,0.000131110889040054,0,0.000613711914387345,-2.30796707636546e-06,NaN,340.025033672411,317.645230798247,11.6869319708293,11.666952624631,3773504868.7894,3663445306.79404,12097.5121175782,11299.8878678901
147,137,0.000100706565187039,0,0.000588268251670833,-2.86949714934582e-06,NaN,330.474844718539,308.712308425048,11.667576877689,11.647559975518,4241574339.75799,4117806187.91225,11757.4870839058,10982.2426370918
148,138,6.72257602089907e-05,0,0.000563883376082373,-3.50717044027345e-06,NaN,321.194975656949,300.030826418022,11.6483305429267,11.6282846434565,4767708822.4359,4628520999.27018,11427.0122391873,10673.5303286668
149,139,2.97589300493688e-05,0,0.000540513076025831,-4.24093343154502e-06,NaN,312.178282213421,291.593693620597,11.6291938792014,11.6091270591556,5359114646.52888,5202579397.94067,11105.8172635303,10373.4995022488
150,140,0,0,0.000518114989206356,-5.33474821833502e-06,NaN,303.411534561527,283.394019693725,11.6101677019926,11.5900875599602,6023894081.76471,5847837989.60716,10793.6389813169,10081.9058086282
151,141,0,0,0.000496648526132849,-7.22769274361725e-06,NaN,294.87729385684,275.4251093785,11.5912524982891,11.5711663946451,6771144564.35082,6573127859.86207,10490.2274467554,9798.51178893444
152,142,0,0,0.00047607479716631,-9.41667319343952e-06,NaN,286.583733977601,267.68045692565,11.5724482811971,11.5523637280148,7611066243.58735,7388375443.1524,10195.3501528985,9523.08667955594
153,143,0,0,0.000456356539745869,-1.19855609228622e-05,NaN,278.523963530131,260.153740686968,11.5537555707171,11.5336796453154,8555154184.29579,8304738383.71525,9908.76641892091,9255.40622263029
154,144,0,0,0.00043745805044124,-1.50346041811147e-05,NaN,270.691308225728,252.838817863781,11.535174782814,11.5151141564657,9616329154.13599,9334758248.04394,9630.24245539079,8995.25248194332
155,145,0,0,0.000419345119804937,-1.86845844715647e-05,NaN,263.079300108926,245.729719407718,11.5167062371006,11.4966672001148,10809114465.9553,10492532179.0749,9359.55114716506,8742.41366407954
156,146,0,0,0.0004019849699148,-2.30818511009783e-05,NaN,255.681668044661,238.820645069245,11.4983501636416,11.4783386475313,12149834754.3387,11793905841.5449,9096.47184705613,8496.68394467181
157,147,0,0,0.000385346194500688,-2.84043308211348e-05,NaN,248.492329231625,232.105958589455,11.4801067090416,11.4601283063316,13656839407.0231,13256690299.3829,8840.79017901148,8257.86329960257
158,148,0,0,0.000369398701552539,-3.48689581088762e-05,NaN,241.5053815564,225.580183030969,11.4619759419414,11.4420359240533,15350753709.2973,14900905793.5655,8592.29784977985,8025.75734101311
159,149,0,0,0.00035411365831044,-4.27406394521058e-05,NaN,234.715096640455,219.237996243664,11.4439578580261,11.4240611915783,17254761138.8216,16749055757.0525,8350.79246822345,7800.17715798215
160,150,0,0,0.000339463438540831,-5.2343302351451e-05,NaN,228.115913462243,213.074226461272,11.4260523846207,11.4062037464124,19394920674.6647,18826434817.2849,8116.07737158299,7580.93916173848
161,151,0,0,0.000325421572006352,-6.40732582592528e-05,NaN,221.702432459913,207.083848024953,11.4082593849372,11.3884631758265,21800523463.6003,21161475001.9151,7887.96145812075,7367.86493527721
162,152,0,0,0.000311962696040273,-7.84157356040276e-05,NaN,215.469410039342,201.26197723006,11.3905786620227,11.3708390198637,24504493725.401,23786134886.3387,7666.25902566083,7160.78108725226
163,153,0,0,0.000299062509139721,-9.59650310687777e-05,NaN,209.411753426794,195.603868292453,11.3730099624482,11.3533307742196,27543839384.3664,26736337009.3462,7450.78961562149,6959.5191100222
164,154,0,0,0.000286697726495211,-0.000117449182565185,NaN,203.524515817651,190.104909430786,11.3555529797683,11.3359378929972,30960158594.9414,30052459543.864,7241.3778621947,6763.91524172975
165,155,0,0,0.000274846037377106,-0.000143760257620222,NaN,197.802891781773,184.760619061351,11.3382073577798,11.3186597913444,34800209094.3054,33779888952.3541,7037.85334637705,6573.81033229896
166,156,0,0,0.000263486064302737,-0.000175991488424431,NaN,192.242212893854,179.566642102188,11.3209726935982,11.3014958479767,39116548174.7334,37969641191.1408,6840.05045459528,6389.04971323761
167,157,0,0,0.000252597323910851,-0.000215482611921147,NaN,186.837943562841,174.518746383121,11.3038485405693,11.2844454075899,43968252035.1101,42679059966.168,6647.80824170142,6209.48307113542
168,158,0,0,0.000242160189472989,-0.00026387576603382,NaN,181.585677039307,169.612819158708,11.2868344110312,11.2675077831671,49421724357.4392,47972601597.2944,6460.97029813858,6034.9643247523
169,159,0,0,0.000232155854974128,-0.000323183675644145,NaN,176.481131583544,164.844863720947,11.2699297789368,11.2506822581835,55551605175.411,53922717233.6408,6279.38462109927,5865.35150559359
170,160,0,0,0.00022256630069765,-0.000395873385195595,NaN,171.520146779952,160.210996108869,11.2531340823484,11.2339680887143,62441792474.7743,60610844494.9311,6102.90348951573,5700.50664187265
171,161,0,0,0.00021337426025228,-0.00048496897987721,NaN,166.698679985857,155.707441912074,11.236446725812,11.2173645054471,70186590508.1983,68128522111.466,5931.38334273578,5540.29564576378
172,162,0,0,0.000204563188981136,-0.000594177303697094,NaN,162.012802904753,151.330533165444,11.2198670826181,11.2008707156053,78892000541.6005,76578642818.7943,5764.68466274992,5384.5882038517
173,163,0,0,0.000196117233695454,-0.000728042239653913,NaN,157.458698275467,147.076705332292,11.2033944969573,11.184485904783,88677171698.3093,86076861655.3777,5602.67185984517,5233.25767068626
174,164,0,0,0.000188021203677883,-0.000892133729742089,NaN,153.032656670007,142.942494373313,11.1870282859747,11.1682092386971,99676031758.5722,96753178938.4264,5445.2131615697,5086.18096535397
175,165,0,0,0.000180260542902429,-0.00109327953978512,NaN,148.731073393843,138.924533898682,11.1707677417285,11.1520398648588,112039120234.79,108753719583.731,5292.1805048997,4943.23847098065
176,166,0,0,0.000172821303420379,-0.00133984935025397,NaN,144.550445483102,135.019552400852,11.1546121330587,11.1359769141676,125935648811.146,122242733122.418,5143.44943150585,4804.31393708197
177,167,0,0,0.000165690119863472,-0.00164210298429383,NaN,140.487368793816,131.224370565457,11.1385607073684,11.1200195024307,141555817347.843,137404841787.847,4998.89898602275,4669.29438468112
178,168,0,0,0.000158854185017718,-0.00201261729212448,NaN,136.538535178907,127.535898657954,11.1226126923227,11.1041667318114,159113417147.495,154447567440.642,4858.41161722894,4538.07001411567
179,169,0,0,0.000152301226423043,-0.00246680948538277,NaN,132.700729748868,123.951133983534,11.1067672974682,11.0884176922087,178848757112.14,173604171915.497,4721.87308205003,4410.53411545771
180,170,0,0,0.000146019483955889,-0.00302357859326474,NaN,128.97082821257,120.467158417929,11.0910237157774,11.0727714625704,201031952837.543,195136849661.974,4589.17235230116,4286.58298147418
181,171,0,0,0.000139997688353583,-0.00370609185716694,NaN,125.345794294688,117.081136006731,11.07538112512,11.0572271121432,225966623657.22,219340316371.713,4460.20152408859,4166.11582305625
182,172,0,0,0.000134225040641044,-0.0045427486510965,NaN,121.822677226581,113.790310630819,11.0598386896646,11.0417837016615,253994048229.722,246545842701.805,4334.85572979391,4049.03468704952
183,173,0,0,0.000128691192421989,-0.00556836219950314,NaN,118.398609307463,110.592003735498,11.0443955612137,11.0264402844778,285497835535.203,277125788292.659,4213.03305256732,3935.2443764187
184,174,0,0,0.000123386226998369,-0.00682560810832492,NaN,115.070803532799,107.483612120872,11.0290508804747,11.011195907636,320909175196.567,311498698121.149,4094.63444325986,3824.6523726832
185,175,0,0,0.000118300641283311,-0.00836680002636447,NaN,111.836551286935,104.462605790969,11.013803778269,10.9960496128915,360712738962.384,350135030919.346,3979.56363972706,3717.16876056233
186,176,0,0,0.000113425328474206,-0.0102560664623154,NaN,108.693220096847,101.526525858952,10.9986533766815,10.9810004376778,405453314090.749,393563598030.002,3867.72708844012,3612.70615477136
187,177,0,0,0.000108751561454053,-0.0125720190285256,NaN,105.638251443908,98.672982505706,10.983598790154,10.966047416024,455743259375.948,442378800779.133,3759.03386834328,3511.17962891241
188,178,0,0,0.000104270976890437,-0.01541102353869,NaN,102.669158630331,95.8996529888599,10.9686391265223,10.9511895794227,512270885798.138,497248765354.619,3653.39561689937,3412.5066464067
189,179,0,0,9.9975560002818e-05,-0.0188912096648763,NaN,99.783524696837,93.2042796990907,10.9537734880012,10.9364259576522,575809876401.505,558924486434.536,3550.72645826904,3316.60699341784
190,180,0,0,9.58576299700301e-05,-0.0231573863781271,NaN,96.9790003877426,90.5846682602432,10.9390009721181,10.9217555795527,647229874187.586,628250104573.757,3450.9429335722,3223.40271371875
191,181,0,0,9.19098259510682e-05,-0.0283870672781533,NaN,94.2533021593133,88.0386856694977,10.9243206725967,10.9071774737596,727508382736.411,706174457815.858,3353.96393318446,3132.8180454585
192,182,0,0,8.81250936933498e-05,-0.0347978571548463,NaN,91.6042102267494,85.5642584732346,10.9097316801929,10.8926906693936,817744142149.309,793764065353.275,3259.71063102515,3044.77935978901
193,183,0,0,8.44966727037359e-05,-0.0426565064984559,NaN,89.0295666446145,83.1593709737785,10.8952330834847,10.8782941967104,919172162977.815,892217720539.491,3168.10642079839,2959.21510131577
194,184,0,0,8.1018083958621e-05,-0.0522900111018506,NaN,86.527273414608,80.8220634613706,10.8808239696151,10.8639870877101,1033180623322.49,1002882892414.47,3079.07685415378,2876.05573034199
195,185,0,0,7.76831181304001e-05,-0.0640992187984986,NaN,84.0952906138396,78.5504304649274,10.8665034249921,10.8497683767071,1161329859540.82,1127274159416.82,2992.54958073917,2795.23366688062
196,186,0,0,7.44858243085736e-05,-0.0785755092179726,NaN,81.731634535409,76.3426190138849,10.8522705359442,10.8356371008612,1305373709309.5,1267093926429.01,2908.45429012533,2716.68323641569
197,187,0,0,7.14204991946518e-05,-0.0963212412117498,NaN,79.434375831707,74.1968269021781,10.8381243893321,10.8215923006712,1467283497488.39,1424255707069.49,2826.72265558992,2640.34061740181
198,188,0,0,6.84816767509262e-05,-0.118074818492171,NaN,77.2016376490646,72.1113009436463,10.8240640731183,10.8076330204291,1649274990703.34,1600910287568.64,2747.28827975822,2566.14379049963
199,189,0,0,6.56641182839713e-05,-0.144741417606579,NaN,75.0315937401207,70.0843352060032,10.8100886768928,10.7937583086368,1853838686202.82,1799475127031.31,2670.08664210915,2494.03248955598
200,190,0,0,NaN,NaN,NaN,72.9224665375196,68.1142692080296,10.7961972923541,10.7799672183825,2083773844767.72,2022667391802.97,2595.05504836903,2423.94815434998
